,Organization,ROR ID
0,30 Madison,
1,54gene,
2,Aalto University,https://ror.org/020hwjq30
3,Aarsol Private Limited,
4,Academic Data Science Alliance,https://ror.org/04rg8xw76
5,Academic Data Science Alliance,https://ror.org/04rg8xw76
6,Accelerate Biopharma,
7,Adnet Systems Inc,
8,Agile BioFoundry,
9,AIM,
10,United States Air Force Research Laboratory,https://ror.org/02e2egq70
11,Alfred P. Sloan Foundation,https://ror.org/052csg198
12,Allen Institute for Brain Science,https://ror.org/00dcv1019
13,Allen Institute for Brain Science,https://ror.org/00dcv1019
14,Allsafe GMBH,
15,Novena University,https://ror.org/05s8x6c38
16,Amazon (United States),https://ror.org/04mv4n011
17,Amazon (United States),https://ror.org/04mv4n011
18,Amazon (United States),https://ror.org/04mv4n011
19,Amazon (United States),https://ror.org/04mv4n011
20,Amazon (United States),https://ror.org/04mv4n011
21,Amazon (United States),https://ror.org/04mv4n011
22,Amazon (United States),https://ror.org/04mv4n011
23,Amsterdam UMC Location VUmc,https://ror.org/00q6h8f30
24,Apex 974 LLC,
25,Applied Materials INC,
26,Applied Materials INC,
27,Argonne National Laboratory,https://ror.org/05gvnxz63
28,Argonne National Laboratory,https://ror.org/05gvnxz63
29,Argonne National Laboratory,https://ror.org/05gvnxz63
30,Argonne National Laboratory,https://ror.org/05gvnxz63
31,Argonne National Laboratory,https://ror.org/05gvnxz63
32,Argonne National Laboratory,https://ror.org/05gvnxz63
33,Argonne National Laboratory,https://ror.org/05gvnxz63
34,Argonne National Laboratory,https://ror.org/05gvnxz63
35,Argonne National Laboratory,https://ror.org/05gvnxz63
36,Argonne National Laboratory,https://ror.org/05gvnxz63
37,Argonne National Laboratory,https://ror.org/05gvnxz63
38,Argonne National Laboratory,https://ror.org/05gvnxz63
39,Argonne National Laboratory,https://ror.org/05gvnxz63
40,Argonne National Laboratory,https://ror.org/05gvnxz63
41,Argonne National Laboratory,https://ror.org/05gvnxz63
42,Argonne National Laboratory,https://ror.org/05gvnxz63
43,Argonne National Laboratory,https://ror.org/05gvnxz63
44,Argonne National Laboratory,https://ror.org/05gvnxz63
45,Argonne National Laboratory,https://ror.org/05gvnxz63
46,Argonne National Laboratory,https://ror.org/05gvnxz63
47,Argonne National Laboratory,https://ror.org/05gvnxz63
48,Argonne National Laboratory,https://ror.org/05gvnxz63
49,Argonne National Laboratory,https://ror.org/05gvnxz63
50,Arizona State University,https://ror.org/03efmqc40
51,Arizona State University,https://ror.org/03efmqc40
52,Arizona State University,https://ror.org/03efmqc40
53,Arizona State University,https://ror.org/03efmqc40
54,Arizona State University,https://ror.org/03efmqc40
55,Arizona State University,https://ror.org/03efmqc40
56,Arizona State University,https://ror.org/03efmqc40
57,Arizona State University,https://ror.org/03efmqc40
58,Arizona State University,https://ror.org/03efmqc40
59,Arizona State University,https://ror.org/03efmqc40
60,Arizona State University,https://ror.org/03efmqc40
61,Arizona State University,https://ror.org/03efmqc40
62,Arizona State University,https://ror.org/03efmqc40
63,Arizona State University,https://ror.org/03efmqc40
64,Arizona State University,https://ror.org/03efmqc40
65,Arizona State University,https://ror.org/03efmqc40
66,Art+Logic,
67,Arizona State University,https://ror.org/03efmqc40
68,Arizona State University,https://ror.org/03efmqc40
69,Arizona State University,https://ror.org/03efmqc40
70,Atomwise,
71,Austin Peay State University,https://ror.org/05tx3bv88
72,Australian National University,https://ror.org/019wvm592
73,Australian National University,https://ror.org/019wvm592
74,Australian Research Data Commons,https://ror.org/038sjwq14
75,Autodesk (United States),https://ror.org/00pkt4594
76,Avanade,
77,Amazon (United States),https://ror.org/04mv4n011
78,Bambee,
79,Bayesic Research,
80,Baylor College of Medicine,https://ror.org/02pttbw34
81,Lawrence Berkeley National Laboratory,https://ror.org/02jbv0t02
82,"Bev Corwin, Consultant",
83,Bill & Melinda Gates Foundation,https://ror.org/0456r8d26
84,Bill & Melinda Gates Foundation,https://ror.org/0456r8d26
85,Binghamton University,https://ror.org/008rmbt77
86,BioTeam,
87,Bloomberg LP,
88,Boise State University,https://ror.org/02e3zdp86
89,Boise State University,https://ror.org/02e3zdp86
90,Boise State University,https://ror.org/02e3zdp86
91,Boise State University,https://ror.org/02e3zdp86
92,Boise State University,https://ror.org/02e3zdp86
93,Boise State University,https://ror.org/02e3zdp86
94,Boise State University,https://ror.org/02e3zdp86
95,Boise State University,https://ror.org/02e3zdp86
96,Boston University,https://ror.org/05qwgg493
97,Boston University,https://ror.org/05qwgg493
98,Boston University,https://ror.org/05qwgg493
99,BRAC University,https://ror.org/00sge8677
100,Brandeis University,https://ror.org/05abbep66
101,Brigham and Women's Hospital,https://ror.org/04b6nzv94
102,Brigham Young University - Idaho,https://ror.org/05j7qk258
103,Broad Institute,https://ror.org/05a0ya142
104,Broad Institute,https://ror.org/05a0ya142
105,Broad Institute,https://ror.org/05a0ya142
106,Broad Institute,https://ror.org/05a0ya142
107,Broad Institute,https://ror.org/05a0ya142
108,Brookhaven National Laboratory,https://ror.org/02ex6cf31
109,Brookhaven National Laboratory,https://ror.org/02ex6cf31
110,Brookhaven National Laboratory,https://ror.org/02ex6cf31
111,Brookhaven National Laboratory,https://ror.org/02ex6cf31
112,Brown University,https://ror.org/05gq02987
113,Brown University,https://ror.org/05gq02987
114,Brown University,https://ror.org/05gq02987
115,Brown University,https://ror.org/05gq02987
116,Brown University,https://ror.org/05gq02987
117,Brown University,https://ror.org/05gq02987
118,Brown University,https://ror.org/05gq02987
119,Brown University,https://ror.org/05gq02987
120,Brown University,https://ror.org/05gq02987
121,Brown University,https://ror.org/05gq02987
122,Brown University,https://ror.org/05gq02987
123,Brown University,https://ror.org/05gq02987
124,Brown University,https://ror.org/05gq02987
125,Brown University,https://ror.org/05gq02987
126,Brown University,https://ror.org/05gq02987
127,Brown University,https://ror.org/05gq02987
128,Brown University,https://ror.org/05gq02987
129,Brown University,https://ror.org/05gq02987
130,Brown University,https://ror.org/05gq02987
131,Brown University,https://ror.org/05gq02987
132,Brown University,https://ror.org/05gq02987
133,Brown University,https://ror.org/05gq02987
134,Brown University,https://ror.org/05gq02987
135,Brown University,https://ror.org/05gq02987
136,"California State University, Fullerton",https://ror.org/02avqqw26
137,California Institute of Technology,https://ror.org/05dxps055
138,California Institute of Technology,https://ror.org/05dxps055
139,California Institute of Technology,https://ror.org/05dxps055
140,California Institute of Technology,https://ror.org/05dxps055
141,California Medical Innovations Institute,https://ror.org/0156zyn36
142,California Medical Innovations Institute,https://ror.org/0156zyn36
143,California State Polytechnic University,https://ror.org/05by5hm18
144,California State Library,https://ror.org/01n1nc173
145,"California State University, Fullerton",https://ror.org/02avqqw26
146,"California State University, Northridge",https://ror.org/005f5hv41
147,California Institute of Technology,https://ror.org/05dxps055
148,California Institute of Technology,https://ror.org/05dxps055
149,California Institute of Technology,https://ror.org/05dxps055
150,California Institute of Technology,https://ror.org/05dxps055
151,California Institute of Technology,https://ror.org/05dxps055
152,California Institute of Technology,https://ror.org/05dxps055
153,California Institute of Technology,https://ror.org/05dxps055
154,California Institute of Technology,https://ror.org/05dxps055
155,California Institute of Technology,https://ror.org/05dxps055
156,California Institute of Technology,https://ror.org/05dxps055
157,California Institute of Technology,https://ror.org/05dxps055
158,California Institute of Technology,https://ror.org/05dxps055
159,Carnegie Mellon University,https://ror.org/05x2bcf33
160,Carnegie Mellon University,https://ror.org/05x2bcf33
161,Carnegie Mellon University,https://ror.org/05x2bcf33
162,Carnegie Mellon University,https://ror.org/05x2bcf33
163,Carnegie Mellon University,https://ror.org/05x2bcf33
164,Carnegie Mellon University,https://ror.org/05x2bcf33
165,Carnegie Mellon University,https://ror.org/05x2bcf33
166,Carnegie Mellon University,https://ror.org/05x2bcf33
167,CASC,
168,Catalogic Software,
169,Catalyst Cooperative,
170,CEA Saclay,https://ror.org/03n15ch10
171,Cellular Tracking Technologies,
172,Center for Open Science,https://ror.org/05d5mza29
173,Georgetown University,https://ror.org/05vzafd60
174,Central China Normal University,https://ror.org/03x1jna21
175,Central Connecticut State University,https://ror.org/054gzqw08
176,European Organization for Nuclear Research,https://ror.org/01ggx4157
177,CFD Research Corporation (United States),https://ror.org/04wd31514
178,Chalmers University of Technology,https://ror.org/040wg7k59
179,Champalimaud Center for the Unknown,
180,Chapman University,https://ror.org/0452jzg20
181,Chicago HOPES for Kids,
182,Children's Hospital of Philadelphia,https://ror.org/01z7r7q48
183,Christopher Newport University,https://ror.org/00m4rwq02
184,CIRA,
185,Cirrus AI,
186,Citigroup,https://ror.org/032xgdx47
187,Citrine Informatics (United States),https://ror.org/04wka5f51
188,Citrine Informatics (United States),https://ror.org/04wka5f51
189,City College of San Francisco,https://ror.org/03181bn25
190,Clarkson University,https://ror.org/03rwgpn18
191,Clarkson University,https://ror.org/03rwgpn18
192,Clemson University,https://ror.org/037s24f05
193,Clemson University,https://ror.org/037s24f05
194,Clemson University,https://ror.org/037s24f05
195,Cleveland Clinic,https://ror.org/03xjacd83
196,CMU,
197,Code for Science & Society,https://ror.org/01dmavx46
198,Code for Thought podcast,
199,"Cohere Consulting, LLC",
200,Colorado School of Mines,https://ror.org/04raf6v53
201,Colorado School of Mines,https://ror.org/04raf6v53
202,Colorado State University,https://ror.org/03k1gpj17
203,Colorado State University,https://ror.org/03k1gpj17
204,Colorado State University,https://ror.org/03k1gpj17
205,Columbia University,https://ror.org/00hj8s172
206,Columbia University,https://ror.org/00hj8s172
207,Columbia University,https://ror.org/00hj8s172
208,Columbia University,https://ror.org/00hj8s172
209,Columbia University,https://ror.org/00hj8s172
210,Columbia University,https://ror.org/00hj8s172
211,Columbia University,https://ror.org/00hj8s172
212,Columbia University,https://ror.org/00hj8s172
213,Columbia University,https://ror.org/00hj8s172
214,Comsats Islamabad,
215,Cornell University,https://ror.org/05bnh6r87
216,Cornell University,https://ror.org/05bnh6r87
217,Cornell University,https://ror.org/05bnh6r87
218,Cornell University,https://ror.org/05bnh6r87
219,Cornell University,https://ror.org/05bnh6r87
220,Cornell University,https://ror.org/05bnh6r87
221,Cornell University,https://ror.org/05bnh6r87
222,Cornell University,https://ror.org/05bnh6r87
223,Corning Inc.,
224,Crowdstrike,
225,Crs Soft,
226,University of Colorado Boulder,https://ror.org/02ttsq026
227,University of Colorado Boulder,https://ror.org/02ttsq026
228,University of Colorado Denver,https://ror.org/02hh7en24
229,Cummins Inc,
230,Hunter College,https://ror.org/00g2xk477
231,Hunter College,https://ror.org/00g2xk477
232,Cytovale (United States),https://ror.org/01504hb29
233,czi,
234,Dana-Farber Cancer Institute,https://ror.org/02jzgtq86
235,Dana-Farber Cancer Institute,https://ror.org/02jzgtq86
236,University of Copenhagen,https://ror.org/035b05819
237,Dartmouth College,https://ror.org/049s0rh22
238,Dartmouth College,https://ror.org/049s0rh22
239,Dartmouth College,https://ror.org/049s0rh22
240,Datryllic LLC,
241,United States Department of Defense,https://ror.org/0447fe631
242,DFTWorks LLC,
243,Diebold Nixdorf (Germany),https://ror.org/024nrkt38
244,Digital Research Alliance of Canada,https://ror.org/010r6td27
245,Digitalkis Solutions,
246,Discovery Partners Institute,
247,Discovery Partners Institute,
248,DocGo,
249,Dog Genetics LLC,
250,Dominion Energy,
251,Drexel University,https://ror.org/04bdffz58
252,Dryad Digital Repository,https://ror.org/00x6h5n95
253,Duke University,https://ror.org/00py81415
254,Duke University,https://ror.org/00py81415
255,Duke University,https://ror.org/00py81415
256,Duke University,https://ror.org/00py81415
257,Durham University,https://ror.org/01v29qb04
258,Durham University,https://ror.org/01v29qb04
259,Durham University,https://ror.org/01v29qb04
260,Eagle Rock Analytics,
261,Eagle Rock Analytics,
262,East Carolina University,https://ror.org/01vx35703
263,University of Florida,https://ror.org/02y3ad647
264,École Polytechnique,https://ror.org/05hy3tk52
265,Eldritch Research,
266,European Molecular Biology Laboratory,https://ror.org/01zjc6908
267,Emory University,https://ror.org/03czfpz43
268,Emory University,https://ror.org/03czfpz43
269,Emory University,https://ror.org/03czfpz43
270,Emory University,https://ror.org/03czfpz43
271,Emory University,https://ror.org/03czfpz43
272,Endeavor Solutions,
273,Energy Efficient HPC Working Group,
274,ENSET Hassan II UNIVERSITY,
275,Environment and Climate Change Canada,https://ror.org/026ny0e17
276,"EP Analytics, Inc.",
277,ESI Group (United States),https://ror.org/0326cbt42
278,ESI Group (United States),https://ror.org/0326cbt42
279,ETH Zurich,https://ror.org/05a28rw58
280,ETH Zurich,https://ror.org/05a28rw58
281,evosoft,
282,evosoft,
283,evosoft,
284,Microsoft,
285,Execusoft Solutions Inc,
286,ExxonMobil (United States),https://ror.org/01xcepn55
287,"F5 Networks, Inc",
288,Faculty of computers and artificial intelligence benha university medical informatics department and research intern at bioengineering department of Louisville university ,
289,Federal Reserve Bank of Boston,https://ror.org/01djrhs97
290,Federal Reserve Bank of San Francisco,https://ror.org/05p5xsx92
291,Federal University of Alagoas (UFAL),
292,Federal University of Rio Grande do Sul,
293,Federal University of Sao Carlos (UFSCar),
294,FedEx (United States),https://ror.org/04ps7x844
295,FedEx (United States),https://ror.org/04ps7x844
296,Fermi National Accelerator Laboratory,https://ror.org/020hgte69
297,Fermi National Accelerator Laboratory,https://ror.org/020hgte69
298,Fermi National Accelerator Laboratory,https://ror.org/020hgte69
299,Fermi National Accelerator Laboratory,https://ror.org/020hgte69
300,Fermi National Accelerator Laboratory,https://ror.org/020hgte69
301,Fermi National Accelerator Laboratory,https://ror.org/020hgte69
302,Fermi National Accelerator Laboratory,https://ror.org/020hgte69
303,Fermi National Accelerator Laboratory,https://ror.org/020hgte69
304,Fermi National Accelerator Laboratory,https://ror.org/020hgte69
305,Fermi National Accelerator Laboratory,https://ror.org/020hgte69
306,FireworkWeb,
307,Fivetran,
308,Simons Foundation,https://ror.org/01cmst727
309,Simons Foundation,https://ror.org/01cmst727
310,Simons Foundation,https://ror.org/01cmst727
311,Simons Foundation,https://ror.org/01cmst727
312,Simons Foundation,https://ror.org/01cmst727
313,Simons Foundation,https://ror.org/01cmst727
314,Simons Foundation,https://ror.org/01cmst727
315,Simons Foundation,https://ror.org/01cmst727
316,Florida International University,https://ror.org/02gz6gg07
317,Florida International University,https://ror.org/02gz6gg07
318,Florida State University,https://ror.org/05g3dte14
319,Florida State University,https://ror.org/05g3dte14
320,Fluence Energy,
321,Fluid Numerics LLC,
322,Fluid Numerics LLC,
323,Forward Health,
324,Franklin & Marshall College,https://ror.org/04fp4ps48
325,Fred Hutchinson Cancer Research Center,
326,Fred Hutchinson Cancer Research Center,
327,Fred Hutchinson Cancer Research Center,
328,Fred Hutchinson Cancer Research Center,
329,Gdańsk University of Technology,https://ror.org/006x4sc24
330,"Geophysics Institute, UNAM",
331,George Mason University,https://ror.org/02jqj7156
332,George Mason University,https://ror.org/02jqj7156
333,George Mason University,https://ror.org/02jqj7156
334,George Mason University,https://ror.org/02jqj7156
335,George Washington University,https://ror.org/00y4zzh67
336,George Washington University,https://ror.org/00y4zzh67
337,Georgetown University,https://ror.org/05vzafd60
338,Georgetown University,https://ror.org/05vzafd60
339,Georgia Institute of Technology,https://ror.org/01zkghx44
340,Georgia Institute of Technology,https://ror.org/01zkghx44
341,Georgia Institute of Technology,https://ror.org/01zkghx44
342,Georgia Institute of Technology,https://ror.org/01zkghx44
343,Georgia Institute of Technology,https://ror.org/01zkghx44
344,Georgia Institute of Technology,https://ror.org/01zkghx44
345,Georgia Institute of Technology,https://ror.org/01zkghx44
346,Georgia Institute of Technology,https://ror.org/01zkghx44
347,Georgia Institute of Technology,https://ror.org/01zkghx44
348,Georgia Institute of Technology,https://ror.org/01zkghx44
349,Georgia State University,https://ror.org/03qt6ba18
350,Georgia Institute of Technology,https://ror.org/01zkghx44
351,Georgia Institute of Technology,https://ror.org/01zkghx44
352,Georgia Institute of Technology,https://ror.org/01zkghx44
353,Georgia Institute of Technology,https://ror.org/01zkghx44
354,Georgia Institute of Technology,https://ror.org/01zkghx44
355,Georgia Institute of Technology,https://ror.org/01zkghx44
356,GitLab,
357,GiveChief,
358,GoGuardian,
359,Google (United States),https://ror.org/00njsd438
360,Government of the United States of America,https://ror.org/02rcrvv70
361,Government of Canada,https://ror.org/010q4q527
362,Grambling State University,https://ror.org/05mnb6484
363,Great Plains Network,https://ror.org/02g2frf98
364,Green Air Care LLC,
365,Gulf of Maine Research Institute,https://ror.org/03tx9qd31
366,Gustavus Adolphus College,https://ror.org/007q4yk54
367,Harrisburg University of Science and Technology,https://ror.org/02g0s4z48
368,Harvard University,https://ror.org/03vek6s52
369,Harvard University,https://ror.org/03vek6s52
370,Harvard University,https://ror.org/03vek6s52
371,Harvard University,https://ror.org/03vek6s52
372,Harvard University,https://ror.org/03vek6s52
373,Harvard University,https://ror.org/03vek6s52
374,Harvard University,https://ror.org/03vek6s52
375,Harvard University,https://ror.org/03vek6s52
376,Harvard University,https://ror.org/03vek6s52
377,Harvard University,https://ror.org/03vek6s52
378,Harvard University,https://ror.org/03vek6s52
379,Harvard University,https://ror.org/03vek6s52
380,Harvard University,https://ror.org/03vek6s52
381,Harvard University,https://ror.org/03vek6s52
382,Harvard University,https://ror.org/03vek6s52
383,Harvard University,https://ror.org/03vek6s52
384,Harvard University,https://ror.org/03vek6s52
385,Harvard University,https://ror.org/03vek6s52
386,Harvard University,https://ror.org/03vek6s52
387,Harvard University,https://ror.org/03vek6s52
388,Harvard University,https://ror.org/03vek6s52
389,Harvard University,https://ror.org/03vek6s52
390,Harvard University,https://ror.org/03vek6s52
391,Harvard University,https://ror.org/03vek6s52
392,Harvard University,https://ror.org/03vek6s52
393,Harvard University,https://ror.org/03vek6s52
394,Harvard University,https://ror.org/03vek6s52
395,HashiCorp,
396,Haverford College,https://ror.org/04fnrxr62
397,Health Research Institute,
398,HealthPartners,https://ror.org/03s9ada67
399,Helix (United States),https://ror.org/056jgxp12
400,Hello PhD,
401,Hewlett Packard Enterprise (United States),https://ror.org/020x0c621
402,Stanford University,https://ror.org/00f54p054
403,Howard Hughes Medical Institute,https://ror.org/006w34k90
404,Howard Hughes Medical Institute,https://ror.org/006w34k90
405,Higher Colleges of Technology,https://ror.org/00qmy9z88
406,HOPES 4 Kids,
407,Howard Hughes Medical Institute,https://ror.org/006w34k90
408,Howard Hughes Medical Institute,https://ror.org/006w34k90
409,HPE,
410,IBM (United States),https://ror.org/05hh8d621
411,IBM (United States),https://ror.org/05hh8d621
412,IBM (United States),https://ror.org/05hh8d621
413,IBM (United States),https://ror.org/05hh8d621
414,IBM (United States),https://ror.org/05hh8d621
415,IBM (United States),https://ror.org/05hh8d621
416,IBM (United States),https://ror.org/05hh8d621
417,IBM (United States),https://ror.org/05hh8d621
418,Ibotta Inc,
419,Mount Sinai,
420,Mount Sinai,
421,Mount Sinai,
422,Idaho National Laboratory,https://ror.org/00ty2a548
423,Idaho National Laboratory,https://ror.org/00ty2a548
424,Idaho National Laboratory,https://ror.org/00ty2a548
425,Idaho National Laboratory,https://ror.org/00ty2a548
426,Idaho National Laboratory,https://ror.org/00ty2a548
427,Idaho National Laboratory,https://ror.org/00ty2a548
428,Idaho State University,https://ror.org/0162z8b04
429,IDM,
430,IHME,
431,"IIT Bombay,India",
432,Illinois Institue of Technology,
433,Illinois Institue of Technology,
434,Illinois Institue of Technology,
435,Illinois Institue of Technology,
436,Imperial College London,https://ror.org/041kmwe10
437,Imperial College London,https://ror.org/041kmwe10
438,Improving Aviation LLC,
439,In Bootcamp,
440,INAOE,
441,Incomputable Systems Inc.,
442,Independence Health Group,
443,Independent,
444,Independent,
445,Indian Institute of Technology Kanpur ,
446,Indiana University,https://ror.org/01kg8sb98
447,Indiana University,https://ror.org/01kg8sb98
448,Indiana University,https://ror.org/01kg8sb98
449,Indiana University,https://ror.org/01kg8sb98
450,Indiana University,https://ror.org/01kg8sb98
451,Indiana University,https://ror.org/01kg8sb98
452,Indiana University,https://ror.org/01kg8sb98
453,Indiana University,https://ror.org/01kg8sb98
454,Indiana University,https://ror.org/01kg8sb98
455,Infleqtion,
456,University of Southern California,https://ror.org/03taz7m60
457,University of Southern California,https://ror.org/03taz7m60
458,NASA,
459,Inovando Soluções Digitais,
460,Inria,
461,Inria,
462,"Institute for Disease Modeling,  Bill & Melinda Gates Foundation",
463,Institute for Health Metrics and Evaluation,https://ror.org/02684h094
464,Institute for Health Metrics and Evaluation,https://ror.org/02684h094
465,Institute for systems biology ,
466,Institute for Health Metrics and Evaluation,https://ror.org/02684h094
467,InsurTechnix,
468,Intel Corporation,
469,Intellectual Ventures,
470,Intense Computing,
471,Intermountain Health,
472,International Brain Laboratory,
473,Internet Society Ghana Chapter,
474,Internet2,https://ror.org/010bpe446
475,Internet2,https://ror.org/010bpe446
476,Internet2,https://ror.org/010bpe446
477,Internet2,https://ror.org/010bpe446
478,Internet2,https://ror.org/010bpe446
479,Invitae,
480,Inzen Therapeutics,
481,Iowa State University,https://ror.org/04rswrd78
482,IRIS PASSCAL New Mexico Institute of Mining and Technology ,
483,ISA Software,
484,IsoPlexis,
485,Jacob Barhak Analytics,
486,Howard Hughes Medical Institute,https://ror.org/006w34k90
487,Johns Hopkins University,https://ror.org/00za53h95
488,Johns Hopkins University,https://ror.org/00za53h95
489,Johns Hopkins University,https://ror.org/00za53h95
490,Johns Hopkins University,https://ror.org/00za53h95
491,Johns Hopkins University,https://ror.org/00za53h95
492,Johns Hopkins University,https://ror.org/00za53h95
493,Johns Hopkins University,https://ror.org/00za53h95
494,Johns Hopkins University,https://ror.org/00za53h95
495,Johns Hopkins University,https://ror.org/00za53h95
496,Johns Hopkins University,https://ror.org/00za53h95
497,Johns Hopkins University,https://ror.org/00za53h95
498,Johns Hopkins University,https://ror.org/00za53h95
499,Johns Hopkins University,https://ror.org/00za53h95
500,Johns Hopkins University,https://ror.org/00za53h95
501,Johns Hopkins University,https://ror.org/00za53h95
502,Johns Hopkins University,https://ror.org/00za53h95
503,Johns Hopkins University,https://ror.org/00za53h95
504,Johns Hopkins University,https://ror.org/00za53h95
505,Johns Hopkins University,https://ror.org/00za53h95
506,Johns Hopkins University,https://ror.org/00za53h95
507,Johns Hopkins University,https://ror.org/00za53h95
508,Johns Hopkins University,https://ror.org/00za53h95
509,Johns Hopkins University,https://ror.org/00za53h95
510,Joint Genome Institute,https://ror.org/04xm1d337
511,California Institute of Technology,https://ror.org/05dxps055
512,Karlsruhe Institute of Technology,https://ror.org/04t3en479
513,KBR Inc.,
514,Kennesaw State University,https://ror.org/00jeqjx33
515,Kennesaw State University,https://ror.org/00jeqjx33
516,Kennesaw State University,https://ror.org/00jeqjx33
517,Kennesaw State University,https://ror.org/00jeqjx33
518,Keyfactor,
519,Khan Academy,https://ror.org/03zsnc040
520,Kitware,
521,Kitware,
522,Kitware,
523,Kitware,
524,Kitware,
525,KTH,
526,L&G Consultancy,
527,Laboratory of Collective and Artificial Intelligence ,
528,Los Alamos National Laboratory,https://ror.org/01e41cf67
529,Los Alamos National Laboratory,https://ror.org/01e41cf67
530,Lawrence Berkeley National Laboratory,https://ror.org/02jbv0t02
531,Lawrence Berkeley National Laboratory,https://ror.org/02jbv0t02
532,Lawrence Berkeley National Laboratory,https://ror.org/02jbv0t02
533,Lawrence Berkeley National Laboratory,https://ror.org/02jbv0t02
534,Lawrence Berkeley National Laboratory,https://ror.org/02jbv0t02
535,Lawrence Berkeley National Laboratory,https://ror.org/02jbv0t02
536,Lawrence Berkeley National Laboratory,https://ror.org/02jbv0t02
537,Lawrence Berkeley National Laboratory,https://ror.org/02jbv0t02
538,Lawrence Berkeley National Laboratory,https://ror.org/02jbv0t02
539,Lawrence Berkeley National Laboratory,https://ror.org/02jbv0t02
540,Lawrence Berkeley National Laboratory,https://ror.org/02jbv0t02
541,Lawrence Berkeley National Laboratory,https://ror.org/02jbv0t02
542,Lawrence Berkeley National Laboratory,https://ror.org/02jbv0t02
543,Lawrence Berkeley National Laboratory,https://ror.org/02jbv0t02
544,Lawrence Berkeley National Laboratory,https://ror.org/02jbv0t02
545,Lawrence Berkeley National Laboratory,https://ror.org/02jbv0t02
546,Lawrence Berkeley National Laboratory,https://ror.org/02jbv0t02
547,Lawrence Berkeley National Laboratory,https://ror.org/02jbv0t02
548,Lawrence Berkeley National Laboratory,https://ror.org/02jbv0t02
549,Lawrence Berkeley National Laboratory,https://ror.org/02jbv0t02
550,Lawrence Berkeley National Laboratory,https://ror.org/02jbv0t02
551,Lawrence Berkeley National Laboratory,https://ror.org/02jbv0t02
552,Lawrence Berkeley National Laboratory,https://ror.org/02jbv0t02
553,Lawrence Berkeley National Laboratory,https://ror.org/02jbv0t02
554,Lawrence Berkeley National Laboratory,https://ror.org/02jbv0t02
555,Lawrence Berkeley National Laboratory,https://ror.org/02jbv0t02
556,Lawrence Berkeley National Laboratory,https://ror.org/02jbv0t02
557,Lawrence Berkeley National Laboratory,https://ror.org/02jbv0t02
558,Lawrence Berkeley National Laboratory,https://ror.org/02jbv0t02
559,Lawrence Berkeley National Laboratory,https://ror.org/02jbv0t02
560,Lawrence Berkeley National Laboratory,https://ror.org/02jbv0t02
561,Lawrence Berkeley National Laboratory,https://ror.org/02jbv0t02
562,Lawrence Berkeley National Laboratory,https://ror.org/02jbv0t02
563,Lawrence Berkeley National Laboratory,https://ror.org/02jbv0t02
564,Lawrence Berkeley National Laboratory,https://ror.org/02jbv0t02
565,Lawrence Berkeley National Laboratory,https://ror.org/02jbv0t02
566,Lawrence Berkeley National Laboratory,https://ror.org/02jbv0t02
567,Lawrence Berkeley National Laboratory,https://ror.org/02jbv0t02
568,Lawrence Berkeley National Laboratory,https://ror.org/02jbv0t02
569,Lawrence Berkeley National Laboratory,https://ror.org/02jbv0t02
570,Lawrence Berkeley National Laboratory,https://ror.org/02jbv0t02
571,Lawrence Berkeley National Laboratory,https://ror.org/02jbv0t02
572,Lawrence Berkeley National Laboratory,https://ror.org/02jbv0t02
573,Lawrence Berkeley National Laboratory,https://ror.org/02jbv0t02
574,Lawrence Berkeley National Laboratory,https://ror.org/02jbv0t02
575,Lawrence Livermore National Laboratory,https://ror.org/041nk4h53
576,Lawrence Livermore National Laboratory,https://ror.org/041nk4h53
577,Lawrence Livermore National Laboratory,https://ror.org/041nk4h53
578,Lawrence Livermore National Laboratory,https://ror.org/041nk4h53
579,Lawrence Livermore National Laboratory,https://ror.org/041nk4h53
580,Lawrence Livermore National Laboratory,https://ror.org/041nk4h53
581,Lawrence Livermore National Laboratory,https://ror.org/041nk4h53
582,Lawrence Livermore National Laboratory,https://ror.org/041nk4h53
583,Lawrence Livermore National Laboratory,https://ror.org/041nk4h53
584,Lawrence Livermore National Laboratory,https://ror.org/041nk4h53
585,Lawrence Livermore National Laboratory,https://ror.org/041nk4h53
586,Lawrence Livermore National Laboratory,https://ror.org/041nk4h53
587,Lawrence Livermore National Laboratory,https://ror.org/041nk4h53
588,Lawrence Livermore National Laboratory,https://ror.org/041nk4h53
589,Lawrence Livermore National Laboratory,https://ror.org/041nk4h53
590,Lawrence Berkeley National Laboratory,https://ror.org/02jbv0t02
591,Lawrence Berkeley National Laboratory,https://ror.org/02jbv0t02
592,Lawrence Berkeley National Laboratory,https://ror.org/02jbv0t02
593,LBNL,
594,LBNL,
595,LBNL,
596,LBNL,
597,Lehigh University,https://ror.org/012afjb06
598,Lehigh University,https://ror.org/012afjb06
599,Lehigh University,https://ror.org/012afjb06
600,Lehigh University,https://ror.org/012afjb06
601,Leiden University,https://ror.org/027bh9e22
602,Lewis & Clark College,https://ror.org/013pz1582
603,Lewis & Clark College,https://ror.org/013pz1582
604,Liberty University,https://ror.org/00w4qrc49
605,Linux Accra User Group,
606,Lawrence Livermore National Laboratory,https://ror.org/041nk4h53
607,Lawrence Livermore National Laboratory,https://ror.org/041nk4h53
608,Lawrence Livermore National Laboratory,https://ror.org/041nk4h53
609,LLNS LLC,
610,LM,
611,Los Alamos National Laboratory,https://ror.org/01e41cf67
612,Los Alamos National Laboratory,https://ror.org/01e41cf67
613,Los Alamos National Laboratory,https://ror.org/01e41cf67
614,Los Alamos National Laboratory,https://ror.org/01e41cf67
615,Los Alamos National Laboratory,https://ror.org/01e41cf67
616,Los Alamos National Laboratory,https://ror.org/01e41cf67
617,Los Alamos National Laboratory,https://ror.org/01e41cf67
618,Los Alamos National Laboratory,https://ror.org/01e41cf67
619,Los Alamos National Laboratory,https://ror.org/01e41cf67
620,Los Alamos National Laboratory,https://ror.org/01e41cf67
621,Los Alamos National Laboratory,https://ror.org/01e41cf67
622,Los Alamos National Laboratory,https://ror.org/01e41cf67
623,Los Alamos National Laboratory,https://ror.org/01e41cf67
624,Los Alamos National Laboratory,https://ror.org/01e41cf67
625,Los Alamos National Laboratory,https://ror.org/01e41cf67
626,Los Alamos National Laboratory,https://ror.org/01e41cf67
627,Los Alamos National Laboratory,https://ror.org/01e41cf67
628,Los Alamos National Laboratory,https://ror.org/01e41cf67
629,Los Alamos National Laboratory,https://ror.org/01e41cf67
630,Los Alamos National Laboratory,https://ror.org/01e41cf67
631,Los Alamos National Laboratory,https://ror.org/01e41cf67
632,Los Alamos National Laboratory,https://ror.org/01e41cf67
633,Los Alamos National Laboratory,https://ror.org/01e41cf67
634,Los Alamos National Laboratory,https://ror.org/01e41cf67
635,Los Alamos National Laboratory,https://ror.org/01e41cf67
636,Louisiana State University,https://ror.org/05ect4e57
637,LSU,
638,"Luminary Apps, LLC",
639,Machine Translation,
640,"Mak Superior, Fabrics and Electric Limied",
641,Marshall University,https://ror.org/02erqft81
642,Marshall University,https://ror.org/02erqft81
643,Marshfield Clinic Research Institute,
644,Massachusetts General Hospital / MIT,
645,Massachusetts Institute of Technology,https://ror.org/042nb2s44
646,Massachusetts Institute of Technology,https://ror.org/042nb2s44
647,Massachusetts Institute of Technology,https://ror.org/042nb2s44
648,Massachusetts Institute of Technology,https://ror.org/042nb2s44
649,Massachusetts Institute of Technology,https://ror.org/042nb2s44
650,Massachusetts Institute of Technology,https://ror.org/042nb2s44
651,MathWorks,
652,MathWorks,
653,Max Planck Institute for Intelligent Systems,https://ror.org/04fq9j139
654,Mayo Clinic,https://ror.org/03jp40720
655,"McGill University, Montreal Neurological Institute",
656,McLean Hospital,https://ror.org/01kta7d96
657,McMaster University,https://ror.org/02fa3aq29
658,Mecpower agri Uganda limited,
659,Medical College of Wisconsin,https://ror.org/00qqv6244
660,mellicell,
661,Memorial Sloan Kettering Cancer Center,https://ror.org/02yrq0923
662,Memorial Sloan Kettering Cancer Center,https://ror.org/02yrq0923
663,Memorial Sloan Kettering Cancer Center,https://ror.org/02yrq0923
664,Mercator-Ocean International,
665,Meta,
666,Metabase,
667,Mghpcc,
668,Mghpcc,
669,Michigan State University,https://ror.org/05hs6h993
670,Michigan State University,https://ror.org/05hs6h993
671,Michigan State University,https://ror.org/05hs6h993
672,Michigan State University,https://ror.org/05hs6h993
673,Michigan State University,https://ror.org/05hs6h993
674,Michigan State University,https://ror.org/05hs6h993
675,Michigan State University,https://ror.org/05hs6h993
676,Michigan State University,https://ror.org/05hs6h993
677,Michigan State University,https://ror.org/05hs6h993
678,Microsoft,
679,Microsoft,
680,Microsoft,
681,Microsoft,
682,Microsoft,
683,Microsoft,
684,Microsoft,
685,Millennium,
686,Million Concepts,
687,Mississippi State University,https://ror.org/0432jq872
688,Mississippi State University,https://ror.org/0432jq872
689,Missouri University of Science and Technology ,
690,Massachusetts Institute of Technology,https://ror.org/042nb2s44
691,Massachusetts Institute of Technology,https://ror.org/042nb2s44
692,Massachusetts Institute of Technology,https://ror.org/042nb2s44
693,Massachusetts Institute of Technology,https://ror.org/042nb2s44
694,Massachusetts Institute of Technology,https://ror.org/042nb2s44
695,Massachusetts Institute of Technology,https://ror.org/042nb2s44
696,Massachusetts Institute of Technology,https://ror.org/042nb2s44
697,Massachusetts Institute of Technology,https://ror.org/042nb2s44
698,Massachusetts Institute of Technology,https://ror.org/042nb2s44
699,Massachusetts Institute of Technology,https://ror.org/042nb2s44
700,Moesif,
701,Montana State University,https://ror.org/02w0trx84
702,Morgridge Institute for Research,https://ror.org/05cb4rb43
703,Morning Consult,
704,Mount Sinai,
705,Mt. Saint Joseph University,
706,Myraid,
707,N/A,
708,N/A,
709,N/A,
710,N/A,
711,NASA,
712,NASA,
713,NASA,
714,NASA,
715,California Institute of Technology,https://ror.org/05dxps055
716,NASA,
717,NASA,
718,NASA,
719,NASA,
720,NASA,
721,NASA,
722,National Center for Atmospheric Research,https://ror.org/05cvfcr44
723,National Center for Atmospheric Research,https://ror.org/05cvfcr44
724,National Center for Atmospheric Research,https://ror.org/05cvfcr44
725,National Center for Atmospheric Research,https://ror.org/05cvfcr44
726,National Center for Atmospheric Research,https://ror.org/05cvfcr44
727,National Center for Atmospheric Research,https://ror.org/05cvfcr44
728,National Center for Atmospheric Research,https://ror.org/05cvfcr44
729,National Center for Atmospheric Research,https://ror.org/05cvfcr44
730,National Center for Atmospheric Research,https://ror.org/05cvfcr44
731,National Center for Atmospheric Research,https://ror.org/05cvfcr44
732,National Center for Atmospheric Research,https://ror.org/05cvfcr44
733,National Center for Atmospheric Research,https://ror.org/05cvfcr44
734,National Center for Atmospheric Research,https://ror.org/05cvfcr44
735,National Center for Atmospheric Research,https://ror.org/05cvfcr44
736,National Center for Atmospheric Research,https://ror.org/05cvfcr44
737,National Center for Supercomputing Applications,https://ror.org/03r10zj06
738,National Center for Supercomputing Applications,https://ror.org/03r10zj06
739,National Center for Supercomputing Applications,https://ror.org/03r10zj06
740,National Center for Supercomputing Applications,https://ror.org/03r10zj06
741,National Center for Supercomputing Applications,https://ror.org/03r10zj06
742,"National Heart, Lung, and Blood Institute",
743,"National Institute of Astrophysics, Optics and Electronics",https://ror.org/00bpmmc63
744,National Institute of Mental Health,https://ror.org/05xj56w78
745,National Institute of Standards and Technology,https://ror.org/05xpvk416
746,National Institute of Standards and Technology,https://ror.org/05xpvk416
747,National Institute of Standards and Technology,https://ror.org/05xpvk416
748,National Institutes of Health,https://ror.org/01cwqze88
749,National Institutes of Health,https://ror.org/01cwqze88
750,National Institutes of Health,https://ror.org/01cwqze88
751,National Radio Astronomy Observatory,https://ror.org/04m24yn62
752,National Radio Astronomy Observatory,https://ror.org/04m24yn62
753,National Renewable Energy Lab,
754,National Renewable Energy Lab,
755,National Renewable Energy Lab,
756,National Renewable Energy Laboratory,https://ror.org/036266993
757,National Renewable Energy Laboratory,https://ror.org/036266993
758,National Renewable Energy Laboratory,https://ror.org/036266993
759,National Renewable Energy Laboratory,https://ror.org/036266993
760,National Renewable Energy Laboratory,https://ror.org/036266993
761,National Renewable Energy Laboratory,https://ror.org/036266993
762,National Renewable Energy Laboratory,https://ror.org/036266993
763,National Renewable Energy Laboratory,https://ror.org/036266993
764,National Renewable Energy Laboratory,https://ror.org/036266993
765,National Renewable Energy Laboratory,https://ror.org/036266993
766,National Renewable Energy Laboratory,https://ror.org/036266993
767,National Renewable Energy Laboratory,https://ror.org/036266993
768,National Renewable Energy Laboratory,https://ror.org/036266993
769,National Solar Observatory,https://ror.org/00b9pg524
770,National University of Singapore,https://ror.org/01tgyzw49
771,Nationwide Children's Hospital,https://ror.org/003rfsp33
772,Nationwide Children's Hospital,https://ror.org/003rfsp33
773,Naval Nuclear Laboratory ,
774,Naval Postgraduate School,https://ror.org/033yfkj90
775,Naval Postgraduate School,https://ror.org/033yfkj90
776,"Naval Research Lab, Stennis",
777,"Nazeer Hussain University, Karachi, Pakistan",
778,NBC News,
779,NCAR,
780,NCAR,
781,NCAR,
782,NCAR,
783,NCAR,
784,NCAR,
785,NCAR,
786,NCAR,
787,University Corporation for Atmospheric Research,https://ror.org/04zhhyn23
788,University Corporation for Atmospheric Research,https://ror.org/04zhhyn23
789,University Corporation for Atmospheric Research,https://ror.org/04zhhyn23
790,University Corporation for Atmospheric Research,https://ror.org/04zhhyn23
791,NCSA,
792,Netherlands eScience Center,https://ror.org/00rbjv475
793,New Emerald,
794,New Jersey Institute of Technology,https://ror.org/05e74xb87
795,New Jersey Institute of Technology,https://ror.org/05e74xb87
796,University of New Mexico,https://ror.org/05fs6jp91
797,New Mexico State University,https://ror.org/00hpz7z43
798,New Orleans Baptist Theological Seminary,https://ror.org/04v4h5886
799,New Orleans Baptist Theological Seminary,https://ror.org/04v4h5886
800,New York Structural Biology Center,https://ror.org/00new7409
801,New York University,https://ror.org/0190ak572
802,New York University,https://ror.org/0190ak572
803,New York University,https://ror.org/0190ak572
804,New York University,https://ror.org/0190ak572
805,New York University,https://ror.org/0190ak572
806,New York University,https://ror.org/0190ak572
807,New York University,https://ror.org/0190ak572
808,New York University,https://ror.org/0190ak572
809,NextSilicon,
810,NextSilicon,
811,NextSilicon,
812,National Institutes of Health,https://ror.org/01cwqze88
813,National Institutes of Health,https://ror.org/01cwqze88
814,National Institutes of Health,https://ror.org/01cwqze88
815,National Institutes of Health,https://ror.org/01cwqze88
816,National Institutes of Health,https://ror.org/01cwqze88
817,NIST,
818,NIST,
819,NIST,
820,NIST,
821,NIT Durgapur,
822,NKI,
823,NOAA,
824,NOAA,
825,NOIRLab,
826,North American University,https://ror.org/04frgh028
827,North Carolina State University,https://ror.org/04tj63d06
828,North Carolina State University,https://ror.org/04tj63d06
829,North Carolina State University,https://ror.org/04tj63d06
830,North Carolina State University,https://ror.org/04tj63d06
831,North Carolina State University,https://ror.org/04tj63d06
832,North Carolina State University,https://ror.org/04tj63d06
833,North Carolina State University,https://ror.org/04tj63d06
834,North Carolina State University,https://ror.org/04tj63d06
835,Northeastern University,https://ror.org/04t5xt781
836,Northeastern University,https://ror.org/04t5xt781
837,Northeastern University,https://ror.org/04t5xt781
838,Northern Arizona University,https://ror.org/0272j5188
839,Northern Arizona University,https://ror.org/0272j5188
840,Northern Arizona University,https://ror.org/0272j5188
841,Northwestern University,https://ror.org/000e0be47
842,Northwestern University,https://ror.org/000e0be47
843,Northwestern University,https://ror.org/000e0be47
844,Northwestern University,https://ror.org/000e0be47
845,Northwestern University,https://ror.org/000e0be47
846,Northwestern University,https://ror.org/000e0be47
847,Northwestern University,https://ror.org/000e0be47
848,Northwestern University,https://ror.org/000e0be47
849,Northwestern University,https://ror.org/000e0be47
850,Northwestern University,https://ror.org/000e0be47
851,Northwestern University,https://ror.org/000e0be47
852,Northwestern University,https://ror.org/000e0be47
853,Northwestern University,https://ror.org/000e0be47
854,Northwestern University,https://ror.org/000e0be47
855,Northwestern University,https://ror.org/000e0be47
856,Northwestern University,https://ror.org/000e0be47
857,Northwestern University,https://ror.org/000e0be47
858,Northwestern University,https://ror.org/000e0be47
859,Northwestern University,https://ror.org/000e0be47
860,Northwestern University,https://ror.org/000e0be47
861,Northwestern University,https://ror.org/000e0be47
862,Novena University Isikagumia Amia Kwale Delta State.,
863,Novi Labs,
864,NREL,
865,NREL,
866,NREL,
867,NREL,
868,NREL,
869,NREL,
870,National Renewable Energy Laboratory,https://ror.org/036266993
871,NSF,
872,NSF,
873,NSF,
874,NSIDC,
875,Nuance Communications,
876,NASA,
877,NVIDIA Corporation,
878,NVIDIA Corporation,
879,NVIDIA Corporation,
880,NVIDIA Corporation,
881,NVIDIA Corporation,
882,NVIDIA Corporation,
883,NVIDIA Corporation,
884,NVIDIA Corporation,
885,NYIT,
886,New York University,https://ror.org/0190ak572
887,New York University,https://ror.org/0190ak572
888,New York University,https://ror.org/0190ak572
889,New York University,https://ror.org/0190ak572
890,New York University,https://ror.org/0190ak572
891,Oak Ridge National Laboratory,https://ror.org/01qz5mb56
892,Oak Ridge National Laboratory,https://ror.org/01qz5mb56
893,Oak Ridge National Laboratory,https://ror.org/01qz5mb56
894,Oak Ridge National Laboratory,https://ror.org/01qz5mb56
895,Oak Ridge National Laboratory,https://ror.org/01qz5mb56
896,Oak Ridge National Laboratory,https://ror.org/01qz5mb56
897,Oak Ridge National Laboratory,https://ror.org/01qz5mb56
898,Oak Ridge National Laboratory,https://ror.org/01qz5mb56
899,Oak Ridge National Laboratory,https://ror.org/01qz5mb56
900,Oak Ridge National Laboratory,https://ror.org/01qz5mb56
901,Oak Ridge National Laboratory,https://ror.org/01qz5mb56
902,Oak Ridge National Laboratory,https://ror.org/01qz5mb56
903,Oak Ridge National Laboratory,https://ror.org/01qz5mb56
904,Oak Ridge National Laboratory,https://ror.org/01qz5mb56
905,Oak Ridge National Laboratory,https://ror.org/01qz5mb56
906,Oak Ridge National Laboratory,https://ror.org/01qz5mb56
907,Oak Ridge National Laboratory,https://ror.org/01qz5mb56
908,Oak Ridge National Laboratory,https://ror.org/01qz5mb56
909,Oak Ridge National Laboratory,https://ror.org/01qz5mb56
910,Oak Ridge National Laboratory,https://ror.org/01qz5mb56
911,Oak Ridge National Laboratory,https://ror.org/01qz5mb56
912,Oak Ridge National Laboratory,https://ror.org/01qz5mb56
913,Oak Ridge National Laboratory,https://ror.org/01qz5mb56
914,Oak Ridge National Laboratory,https://ror.org/01qz5mb56
915,Oak Ridge National Laboratory,https://ror.org/01qz5mb56
916,Oak Ridge National Laboratory,https://ror.org/01qz5mb56
917,Oak Ridge National Laboratory,https://ror.org/01qz5mb56
918,Oak Ridge National Laboratory,https://ror.org/01qz5mb56
919,Oak Ridge National Laboratory,https://ror.org/01qz5mb56
920,Oak Ridge National Laboratory,https://ror.org/01qz5mb56
921,Oak Ridge National Laboratory,https://ror.org/01qz5mb56
922,Oak Ridge National Laboratory,https://ror.org/01qz5mb56
923,Oak Ridge National Laboratory,https://ror.org/01qz5mb56
924,Oak Ridge National Laboratory,https://ror.org/01qz5mb56
925,Oak Ridge National Laboratory,https://ror.org/01qz5mb56
926,Oak Ridge National Laboratory,https://ror.org/01qz5mb56
927,Oak Ridge National Laboratory,https://ror.org/01qz5mb56
928,Oak Ridge National Laboratory,https://ror.org/01qz5mb56
929,Oak Ridge National Laboratory,https://ror.org/01qz5mb56
930,Oak Ridge National Laboratory,https://ror.org/01qz5mb56
931,Oak Ridge National Laboratory,https://ror.org/01qz5mb56
932,Oak Ridge National Laboratory,https://ror.org/01qz5mb56
933,Oak Ridge National Laboratory,https://ror.org/01qz5mb56
934,Oak Ridge National Laboratory,https://ror.org/01qz5mb56
935,Oak Ridge National Laboratory,https://ror.org/01qz5mb56
936,Oak Ridge National Laboratory,https://ror.org/01qz5mb56
937,Oak Ridge National Laboratory,https://ror.org/01qz5mb56
938,Oak Ridge National Laboratory,https://ror.org/01qz5mb56
939,Oak Ridge National Laboratory,https://ror.org/01qz5mb56
940,Oak Ridge National Laboratory,https://ror.org/01qz5mb56
941,Object Automation system Solutions Private Limited ,
942,Observatoire des Sciences de l'Univers Pythéas,
943,The Ohio State University,https://ror.org/00rs6vg23
944,The Ohio State University,https://ror.org/00rs6vg23
945,The Ohio State University,https://ror.org/00rs6vg23
946,The Ohio State University,https://ror.org/00rs6vg23
947,Ohio Supercomputer Center,https://ror.org/01apna436
948,OHSU,
949,Oklahoma State University,https://ror.org/01g9vbr38
950,Old Dominion University,https://ror.org/04zjtrb98
951,OLS MENTEE,
952,OMSF,
953,Open Force Field,
954,Open Molecular Software Foundation,
955,Optum,
956,Oral Roberts University,https://ror.org/058hnhf91
957,Oregon Health & Science University,https://ror.org/009avj582
958,Oregon Institute of Technology ,
959,Oregon State University,https://ror.org/00ysfqy60
960,Oregon State University,https://ror.org/00ysfqy60
961,Oregon State University,https://ror.org/00ysfqy60
962,Oak Ridge National Laboratory,https://ror.org/01qz5mb56
963,Oak Ridge National Laboratory,https://ror.org/01qz5mb56
964,Oak Ridge National Laboratory,https://ror.org/01qz5mb56
965,Oak Ridge National Laboratory,https://ror.org/01qz5mb56
966,Oak Ridge National Laboratory,https://ror.org/01qz5mb56
967,The Ohio State University,https://ror.org/00rs6vg23
968,Pacific Northwest National Laboratory,https://ror.org/05h992307
969,Pacific Northwest National Laboratory,https://ror.org/05h992307
970,Pacific Northwest National Laboratory,https://ror.org/05h992307
971,Pacific Northwest National Laboratory,https://ror.org/05h992307
972,Pacific Northwest National Laboratory,https://ror.org/05h992307
973,Pacific Northwest National Laboratory,https://ror.org/05h992307
974,Pacific Northwest National Laboratory,https://ror.org/05h992307
975,Pacific Northwest National Laboratory,https://ror.org/05h992307
976,"Paradigm4, Inc",
977,Pasadena City College,https://ror.org/01dk4b453
978,Pasteur Labs,
979,Patsnap,
980,The Pennsylvania State University,
981,The Pennsylvania State University,
982,The Pennsylvania State University,
983,The Pennsylvania State University,
984,The Pennsylvania State University,
985,The Pennsylvania State University,
986,The Pennsylvania State University,
987,The Pennsylvania State University,
988,The Pennsylvania State University,
989,The Pennsylvania State University,
990,The Pennsylvania State University,
991,The Pennsylvania State University,
992,The Pennsylvania State University,
993,The Pennsylvania State University,
994,The Pennsylvania State University,
995,The Pennsylvania State University,
996,The Pennsylvania State University,
997,Perimeter Institute for Theoretical Physics,
998,Perimeter Institute for Theoretical Physics,
999,"Pfizer, Inc.",
1000,Phoenix Bioinformatics,https://ror.org/0018yg518
1001,Pima Community College,https://ror.org/00wymkh76
1002,Pine Research Instrumentation ,
1003,Pittsburgh Supercomputing Center ,
1004,Pacific Northwest National Laboratory,https://ror.org/05h992307
1005,Pacific Northwest National Laboratory,https://ror.org/05h992307
1006,Pacific Northwest National Laboratory,https://ror.org/05h992307
1007,Polyneme LLC,
1008,Pomona College,https://ror.org/0074grg94
1009,Portland State University,https://ror.org/00yn2fy02
1010,Postlight,
1011,PPPL,
1012,Predictive Science Inc.,
1013,Princeton University,https://ror.org/00hx57361
1014,Princeton University,https://ror.org/00hx57361
1015,Princeton University,https://ror.org/00hx57361
1016,Princeton University,https://ror.org/00hx57361
1017,Princeton University,https://ror.org/00hx57361
1018,Princeton University,https://ror.org/00hx57361
1019,Princeton University,https://ror.org/00hx57361
1020,Princeton University,https://ror.org/00hx57361
1021,Princeton University,https://ror.org/00hx57361
1022,Princeton University,https://ror.org/00hx57361
1023,Princeton University,https://ror.org/00hx57361
1024,Princeton University,https://ror.org/00hx57361
1025,Princeton University,https://ror.org/00hx57361
1026,Princeton University,https://ror.org/00hx57361
1027,Princeton University,https://ror.org/00hx57361
1028,Princeton University,https://ror.org/00hx57361
1029,Princeton University,https://ror.org/00hx57361
1030,Princeton University,https://ror.org/00hx57361
1031,Princeton University,https://ror.org/00hx57361
1032,Princeton University,https://ror.org/00hx57361
1033,Princeton University,https://ror.org/00hx57361
1034,Princeton University,https://ror.org/00hx57361
1035,Princeton University,https://ror.org/00hx57361
1036,Princeton University,https://ror.org/00hx57361
1037,Princeton University,https://ror.org/00hx57361
1038,Princeton University,https://ror.org/00hx57361
1039,Princeton University,https://ror.org/00hx57361
1040,Princeton University,https://ror.org/00hx57361
1041,Princeton University,https://ror.org/00hx57361
1042,Princeton University,https://ror.org/00hx57361
1043,Princeton University,https://ror.org/00hx57361
1044,Princeton University,https://ror.org/00hx57361
1045,Princeton University,https://ror.org/00hx57361
1046,Princeton University,https://ror.org/00hx57361
1047,Princeton University,https://ror.org/00hx57361
1048,Princeton University,https://ror.org/00hx57361
1049,Princeton University,https://ror.org/00hx57361
1050,Princeton University,https://ror.org/00hx57361
1051,Princeton University,https://ror.org/00hx57361
1052,Princeton University,https://ror.org/00hx57361
1053,Princeton University,https://ror.org/00hx57361
1054,"Proclink consulting services, India",
1055,Prospero Knowledge Brokers,
1056,Pune Institute of Computer Technology,
1057,Purdue Fort Wayne,
1058,Purdue University,
1059,Purdue University,
1060,Purdue University,
1061,Purdue University,
1062,Purdue University,
1063,Purdue University,
1064,Purdue University,
1065,Purdue University,
1066,Purdue University,
1067,Purdue University,
1068,Purdue University,
1069,Purdue University,
1070,Purdue University,
1071,Purdue University,
1072,Purple Workshops,
1073,pyOpenSci,
1074,"Q-Chem, Inc.",
1075,"Q-Chem, Inc.",
1076,Q-State Biosciences,
1077,Qualtrics & BYU,
1078,Quansight Labs,
1079,Queen Mary University of London,https://ror.org/026zzn846
1080,Radboud University,
1081,RAND Corporation,https://ror.org/00f2z7n96
1082,RAND Corporation,https://ror.org/00f2z7n96
1083,RAND Corporation,https://ror.org/00f2z7n96
1084,Rand Merchant Bank,
1085,Raytheon BBN,
1086,Renaissance Computing Institute,https://ror.org/01s91ey96
1087,Renaissance Computing Institute,https://ror.org/01s91ey96
1088,RENOIR CONSULTING,
1089,Research Software Alliance,
1090,Research Computing Teams,
1091,research for bank industry,
1092,Research Software Alliance,
1093,Digital Research Alliance of Canada,https://ror.org/010r6td27
1094,Rice University,https://ror.org/008zs3103
1095,Rice University,https://ror.org/008zs3103
1096,Rice University,https://ror.org/008zs3103
1097,Rice University,https://ror.org/008zs3103
1098,Rice University,https://ror.org/008zs3103
1099,Rice University,https://ror.org/008zs3103
1100,Roku,
1101,Ronin Institute,https://ror.org/04awze035
1102,rOpenSci,
1103,Roswell Park Cancer Institute,https://ror.org/0499dwk57
1104,Rozetka.ua,
1105,Rutgers University,
1106,Rutgers University,
1107,Rutgers University,
1108,Rutgers University,
1109,Ryan Alexander Consulting,
1110,Sage Bionetworks,https://ror.org/049ncjx51
1111,SAIC,
1112,Saint Louis University,https://ror.org/01p7jjy08
1113,San Diego State University,https://ror.org/0264fdx42
1114,San Diego State University,https://ror.org/0264fdx42
1115,San Diego State University,https://ror.org/0264fdx42
1116,"University of California, San Diego",https://ror.org/0168r3w48
1117,"University of California, San Diego",https://ror.org/0168r3w48
1118,"University of California, San Diego",https://ror.org/0168r3w48
1119,San Jose State University,https://ror.org/04qyvz380
1120,San Jose State University,https://ror.org/04qyvz380
1121,Sandia National Laboratories,https://ror.org/01apwpt12
1122,Sandia National Laboratories,https://ror.org/01apwpt12
1123,Sandia National Laboratories,https://ror.org/01apwpt12
1124,Sandia National Laboratories,https://ror.org/01apwpt12
1125,Sandia National Laboratories,https://ror.org/01apwpt12
1126,Sandia National Laboratories,https://ror.org/01apwpt12
1127,Sandia National Laboratories,https://ror.org/01apwpt12
1128,Sandia National Laboratories,https://ror.org/01apwpt12
1129,Sandia National Laboratories,https://ror.org/01apwpt12
1130,Sandia National Laboratories,https://ror.org/01apwpt12
1131,Sandia National Laboratories,https://ror.org/01apwpt12
1132,Sandia National Laboratories,https://ror.org/01apwpt12
1133,Sandia National Laboratories,https://ror.org/01apwpt12
1134,Sandia National Laboratories,https://ror.org/01apwpt12
1135,Sandia National Laboratories,https://ror.org/01apwpt12
1136,Sandia National Laboratories,https://ror.org/01apwpt12
1137,Sandia National Laboratories,https://ror.org/01apwpt12
1138,Sandia National Laboratories,https://ror.org/01apwpt12
1139,Sandia National Laboratories,https://ror.org/01apwpt12
1140,Sandia National Laboratories,https://ror.org/01apwpt12
1141,Sandia National Laboratories,https://ror.org/01apwpt12
1142,Sandia National Laboratories,https://ror.org/01apwpt12
1143,Sandia National Laboratories,https://ror.org/01apwpt12
1144,Sandia National Laboratories,https://ror.org/01apwpt12
1145,Sandia National Laboratories,https://ror.org/01apwpt12
1146,Sandia National Laboratories,https://ror.org/01apwpt12
1147,Sandia National Laboratories,https://ror.org/01apwpt12
1148,Sandia National Laboratories,https://ror.org/01apwpt12
1149,Sandia National Laboratories,https://ror.org/01apwpt12
1150,Sandia National Laboratories,https://ror.org/01apwpt12
1151,Sandia National Laboratories,https://ror.org/01apwpt12
1152,Sandia National Laboratories,https://ror.org/01apwpt12
1153,Sandia National Laboratories,https://ror.org/01apwpt12
1154,Sandia National Laboratories,https://ror.org/01apwpt12
1155,Sandia National Laboratories,https://ror.org/01apwpt12
1156,Sandia National Laboratories,https://ror.org/01apwpt12
1157,Sandia National Laboratories,https://ror.org/01apwpt12
1158,Sciugo,
1159,Scoot Science,
1160,Scripps Institution of Oceanography,https://ror.org/04v7hvq31
1161,Scripps Research,
1162,Seattle Children's Hospital,https://ror.org/01njes783
1163,Self-Employed,
1164,Self-Employed,
1165,Self-Employed,
1166,Semper Cogito Consulting,
1167,Sensimetrics Corporation,https://ror.org/00h7y2d26
1168,Serviço Federal de Processamento de Dados - SERPRO,
1169,SFSU,
1170,Simons Foundation,https://ror.org/01cmst727
1171,Simons Foundation,https://ror.org/01cmst727
1172,Simons Foundation,https://ror.org/01cmst727
1173,Simons Foundation,https://ror.org/01cmst727
1174,Siri Info Systems Inc,
1175,SIUE,
1176,SLAC National Accelerator Lab,
1177,SLAC National Accelerator Lab,
1178,SLAC National Accelerator Laboratory,https://ror.org/05gzmn429
1179,SLAC National Accelerator Lab,
1180,SLAC National Accelerator Lab,
1181,SLB,
1182,Smithsonian Astrophysical Observatory,https://ror.org/04mh52z70
1183,Smithsonian Institution,https://ror.org/01pp8nd67
1184,Snap Inc,
1185,SNL,
1186,"Sorbonne Université, Paris",
1187,Southern Methodist University,https://ror.org/042tdr378
1188,Southwestern Oklahoma State University,https://ror.org/01y8xtk20
1189,Space Telescope Science Institute,https://ror.org/036f5mx38
1190,Space Telescope Science Institute,https://ror.org/036f5mx38
1191,Space Telescope Science Institute,https://ror.org/036f5mx38
1192,Space Telescope Science Institute,https://ror.org/036f5mx38
1193,Space Telescope Science Institute,https://ror.org/036f5mx38
1194,Space Telescope Science Institute,https://ror.org/036f5mx38
1195,Space Telescope Science Institute,https://ror.org/036f5mx38
1196,Speridian Technologies,
1197,Speridian Technologies,
1198,St. Jude Children's Research Hospital,https://ror.org/02r3e0967
1199,Stanford University,https://ror.org/00f54p054
1200,Stanford University,https://ror.org/00f54p054
1201,Stanford University,https://ror.org/00f54p054
1202,Stanford University,https://ror.org/00f54p054
1203,Stanford University,https://ror.org/00f54p054
1204,Stanford University,https://ror.org/00f54p054
1205,Stanford University,https://ror.org/00f54p054
1206,Stanford University,https://ror.org/00f54p054
1207,Stanford University,https://ror.org/00f54p054
1208,Stanford University,https://ror.org/00f54p054
1209,Stanford University,https://ror.org/00f54p054
1210,Stanford University,https://ror.org/00f54p054
1211,Stanford University,https://ror.org/00f54p054
1212,Stanford University,https://ror.org/00f54p054
1213,Stanford University,https://ror.org/00f54p054
1214,Stanford University,https://ror.org/00f54p054
1215,Stanford University,https://ror.org/00f54p054
1216,Stanford University,https://ror.org/00f54p054
1217,Stanford University,https://ror.org/00f54p054
1218,Stanford University,https://ror.org/00f54p054
1219,Stanford University,https://ror.org/00f54p054
1220,Stanford University,https://ror.org/00f54p054
1221,Stanford University,https://ror.org/00f54p054
1222,Stanford University,https://ror.org/00f54p054
1223,Stanford University,https://ror.org/00f54p054
1224,Stanford University,https://ror.org/00f54p054
1225,Stanford University,https://ror.org/00f54p054
1226,Stanford University,https://ror.org/00f54p054
1227,Stanford University,https://ror.org/00f54p054
1228,Stanford University,https://ror.org/00f54p054
1229,Stanford University,https://ror.org/00f54p054
1230,Stanford University,https://ror.org/00f54p054
1231,Stanford University,https://ror.org/00f54p054
1232,Stanford University,https://ror.org/00f54p054
1233,Stanford University,https://ror.org/00f54p054
1234,Stanford University,https://ror.org/00f54p054
1235,Stanford University,https://ror.org/00f54p054
1236,Stanford University,https://ror.org/00f54p054
1237,Stanford University,https://ror.org/00f54p054
1238,Stanford University,https://ror.org/00f54p054
1239,Stanford University,https://ror.org/00f54p054
1240,Stanford University,https://ror.org/00f54p054
1241,Stanford University,https://ror.org/00f54p054
1242,Stanford University,https://ror.org/00f54p054
1243,SLAC National Accelerator Lab,
1244,Stanford University,https://ror.org/00f54p054
1245,Stealth startup,
1246,Stellenbosch University,https://ror.org/05bk57929
1247,Stoke Space,
1248,STScI,
1249,Student,
1250,Student,
1251,SUNY College of Environmental Science and Forestry,https://ror.org/00qv0tw17
1252,SUNY-ESF,
1253,Superbloom (U.S. design and research nonprofit) ,
1254,Sustainable Horizons Institute,https://ror.org/01xpn7z95
1255,Swansea University,https://ror.org/053fq8t95
1256,SYF Nepal,
1257,Symbotic,
1258,Tandem,
1259,taskmere,
1260,Tata Consultancy Services,
1261,Tata Consultancy Services,
1262,TaxBit,
1263,TCS,
1264,Technical University of Munich,https://ror.org/02kkvpp62
1265,Tel Aviv University,https://ror.org/04mhzgx49
1266,Telethon Kids Institute,https://ror.org/01dbmzx78
1267,Temple University,https://ror.org/00kx1jb78
1268,Temple University,https://ror.org/00kx1jb78
1269,Tennessee Technological University,https://ror.org/05drmrq39
1270,Texas A&M University,https://ror.org/01f5ytq51
1271,Texas A&M University,https://ror.org/01f5ytq51
1272,Texas A&M University,https://ror.org/01f5ytq51
1273,Texas A&M University,https://ror.org/01f5ytq51
1274,Texas Advanced Computing Center,https://ror.org/00xg4bh43
1275,Texas Christian University,https://ror.org/054b0b564
1276,Texas State University,https://ror.org/021n14p32
1277,Texas Tech University,https://ror.org/05r3a8v08
1278,Texas Tech University,https://ror.org/05r3a8v08
1279,TGS,
1280,Broad Institute,https://ror.org/05a0ya142
1281,The Chinese University of Hong Kong,
1282,Georgia Institute of Technology,https://ror.org/01zkghx44
1283,The HDF Group,https://ror.org/024jrkp82
1284,The HDF Group,https://ror.org/024jrkp82
1285,The HDF Group,https://ror.org/024jrkp82
1286,The HDF Group,https://ror.org/024jrkp82
1287,The Hospital for Sick Children,
1288,The Jackson Laboratory,
1289,The Jackson Laboratory,
1290,Johns Hopkins University,https://ror.org/00za53h95
1291,The Molecular Sciences Software Institute,
1292,The Ohio State University,https://ror.org/00rs6vg23
1293,The Ohio State University,https://ror.org/00rs6vg23
1294,The Ohio State University,https://ror.org/00rs6vg23
1295,The Ohio State University,https://ror.org/00rs6vg23
1296,The Ohio State University,https://ror.org/00rs6vg23
1297,The Ohio State University,https://ror.org/00rs6vg23
1298,The Ohio State University,https://ror.org/00rs6vg23
1299,The Pennsylvania State University,
1300,The Pennsylvania State University,
1301,The Research Software Company,
1302,The University of Arizona,
1303,The University of Arizona,
1304,University of Chicago,https://ror.org/024mw5h28
1305,University of Chicago,https://ror.org/024mw5h28
1306,University of Chicago,https://ror.org/024mw5h28
1307,The University of Dodoma,https://ror.org/009n8zh45
1308,"The University of Jordan, Aqaba",
1309,"The University of Melbourne, Australia",
1310,The University of Texas at Austin,https://ror.org/00hj54h04
1311,The University of Texas at El Paso,https://ror.org/04d5vba33
1312,The University of Tulsa,
1313,University of Washington,https://ror.org/00cvxb145
1314,University of Pennsylvania,https://ror.org/00b30xv10
1315,TikTok,
1316,Tilburg University,https://ror.org/04b8v1s79
1317,TileDB,
1318,Topos Institute,
1319,Tops Institute,
1320,Treebeard,
1321,Trizetto,
1322,Truveta,
1323,TSESSEBE Technologies ,
1324,TSESSEBE Technologies ,
1325,TU Delft University,
1326,Tuck School of Business @ Dartmouth,
1327,Tufts University,https://ror.org/05wvpxv85
1328,Tulane University,https://ror.org/04vmvtb21
1329,Tulane University,https://ror.org/04vmvtb21
1330,U of maryland,
1331,University of North Carolina at Chapel Hill,https://ror.org/0130frc33
1332,Uber ATG,
1333,"University of California, Berkeley",https://ror.org/01an7q238
1334,"University of California, Berkeley",https://ror.org/01an7q238
1335,Lawrence Berkeley National Laboratory,https://ror.org/02jbv0t02
1336,UC Riverside,
1337,UC Riverside,
1338,"University of California, San Diego",https://ror.org/0168r3w48
1339,"University of California, San Diego",https://ror.org/0168r3w48
1340,Stanford University,https://ror.org/00f54p054
1341,"University of California, Santa Barbara",https://ror.org/02t274463
1342,"University of California, Santa Cruz",https://ror.org/03s65by71
1343,"University of California, Santa Cruz",https://ror.org/03s65by71
1344,University Corporation for Atmospheric Research,https://ror.org/04zhhyn23
1345,University Corporation for Atmospheric Research,https://ror.org/04zhhyn23
1346,University Corporation for Atmospheric Research,https://ror.org/04zhhyn23
1347,University Corporation for Atmospheric Research,https://ror.org/04zhhyn23
1348,University Corporation for Atmospheric Research,https://ror.org/04zhhyn23
1349,UCL,
1350,UCLA,
1351,UCLA,
1352,UCLA,
1353,UCLA,
1354,UCLA,
1355,UCLA,
1356,UCLA,
1357,UCLA Jonsson Comprehensive Cancer Center,
1358,"University of California, Santa Barbara",https://ror.org/02t274463
1359,"University of California, Santa Barbara",https://ror.org/02t274463
1360,"University of California, Santa Barbara",https://ror.org/02t274463
1361,"University of California, San Diego",https://ror.org/0168r3w48
1362,"University of California, San Diego",https://ror.org/0168r3w48
1363,UIC,
1364,University of Illinois Urbana-Champaign,https://ror.org/047426m28
1365,University of Illinois Urbana-Champaign,https://ror.org/047426m28
1366,University of Illinois Urbana-Champaign,https://ror.org/047426m28
1367,University of Illinois Urbana-Champaign,https://ror.org/047426m28
1368,University of Illinois Urbana-Champaign,https://ror.org/047426m28
1369,UK Atomic Energy Authority,
1370,UMass Chan Medical School,
1371,University of North Carolina at Chapel Hill,https://ror.org/0130frc33
1372,University of North Carolina at Chapel Hill,https://ror.org/0130frc33
1373,Uniformed Services Unversity of the Health Sciences,
1374,United States Geological Survey,https://ror.org/035a68863
1375,University of Illinois at Chicago,https://ror.org/02mpq6x41
1376,Universidad de Buenos Aires,
1377,Universidad Nacional de Colombia,https://ror.org/059yx9a68
1378,Universidad Nacional de Ingenieria,
1379,Universidad Nacional de San Juan,
1380,"University at Albany, State University of New York",https://ror.org/012zs8222
1381,State University of New York,https://ror.org/01q1z8k08
1382,State University of New York,https://ror.org/01q1z8k08
1383,State University of New York,https://ror.org/01q1z8k08
1384,State University of New York,https://ror.org/01q1z8k08
1385,University Center Academia,
1386,University College London,https://ror.org/02jx3x895
1387,University College London,https://ror.org/02jx3x895
1388,University College London,https://ror.org/02jx3x895
1389,University College London,https://ror.org/02jx3x895
1390,University College London,https://ror.org/02jx3x895
1391,University Corporation for Atmospheric Research,https://ror.org/04zhhyn23
1392,University Corporation for Atmospheric Research,https://ror.org/04zhhyn23
1393,University Corporation for Atmospheric Research,https://ror.org/04zhhyn23
1394,University Corporation for Atmospheric Research,https://ror.org/04zhhyn23
1395,University Corporation for Atmospheric Research,https://ror.org/04zhhyn23
1396,University of Alabama,https://ror.org/03xrrjk67
1397,University of Alabama,https://ror.org/03xrrjk67
1398,University of Alabama,https://ror.org/03xrrjk67
1399,University of Alabama,https://ror.org/03xrrjk67
1400,University of Alabama,https://ror.org/03xrrjk67
1401,University of Alaska System,https://ror.org/01mtkd993
1402,University of Alaska Fairbanks,https://ror.org/01j7nq853
1403,University of Alaska Fairbanks,https://ror.org/01j7nq853
1404,University of Alaska Fairbanks,https://ror.org/01j7nq853
1405,The University of Arizona,
1406,The University of Arizona,
1407,The University of Arizona,
1408,The University of Arizona,
1409,The University of Arizona,
1410,The University of Arizona,
1411,The University of Arizona,
1412,The University of Arizona,
1413,The University of Arizona,
1414,The University of Arizona,
1415,The University of Arizona,
1416,University of Arkansas System,https://ror.org/05vvhh982
1417,University of Arkansas System,https://ror.org/05vvhh982
1418,University of Arkansas System,https://ror.org/05vvhh982
1419,University of Birmingham,https://ror.org/03angcq70
1420,University of Birmingham,https://ror.org/03angcq70
1421,University of Birmingham,https://ror.org/03angcq70
1422,University of British Columbia,https://ror.org/03rmrcq20
1423,University of British Columbia,https://ror.org/03rmrcq20
1424,University of Calgary,https://ror.org/03yjb2x39
1425,University of California System,https://ror.org/00pjdza24
1426,"University of California, Santa Barbara",https://ror.org/02t274463
1427,"University of California, Merced",https://ror.org/00d9ah105
1428,"University of California, San Diego",https://ror.org/0168r3w48
1429,"University of California, San Diego",https://ror.org/0168r3w48
1430,"University of California, San Diego",https://ror.org/0168r3w48
1431,"University of California, San Diego",https://ror.org/0168r3w48
1432,"University of California, San Diego",https://ror.org/0168r3w48
1433,"University of California, San Diego",https://ror.org/0168r3w48
1434,"University of California, San Diego",https://ror.org/0168r3w48
1435,"University of California, San Diego",https://ror.org/0168r3w48
1436,"University of California, Santa Barbara",https://ror.org/02t274463
1437,"University of California, Los Angeles",https://ror.org/046rm7j60
1438,"University of California, Berkeley",https://ror.org/01an7q238
1439,"University of California, Berkeley",https://ror.org/01an7q238
1440,"University of California, Berkeley",https://ror.org/01an7q238
1441,"University of California, Davis",https://ror.org/05rrcem69
1442,"University of California, Davis",https://ror.org/05rrcem69
1443,"University of California, Irvine",https://ror.org/04gyf1771
1444,"University of California, Irvine",https://ror.org/04gyf1771
1445,"University of California, Los Angeles",https://ror.org/046rm7j60
1446,"University of California, Los Angeles",https://ror.org/046rm7j60
1447,"University of California, Los Angeles",https://ror.org/046rm7j60
1448,"University of California, Merced",https://ror.org/00d9ah105
1449,"University of California, Riverside",https://ror.org/03nawhv43
1450,"University of California, Riverside",https://ror.org/03nawhv43
1451,"University of California, San Diego",https://ror.org/0168r3w48
1452,"University of California, San Diego",https://ror.org/0168r3w48
1453,"University of California, San Diego",https://ror.org/0168r3w48
1454,"University of California, San Diego",https://ror.org/0168r3w48
1455,"University of California, San Diego",https://ror.org/0168r3w48
1456,"University of California, San Diego",https://ror.org/0168r3w48
1457,"University of California, San Diego",https://ror.org/0168r3w48
1458,"University of California, San Francisco",https://ror.org/043mz5j54
1459,"University of California, San Francisco",https://ror.org/043mz5j54
1460,"University of California, Santa Barbara",https://ror.org/02t274463
1461,"University of California, Santa Barbara",https://ror.org/02t274463
1462,University of Central Florida,https://ror.org/036nfer12
1463,University of Central Florida,https://ror.org/036nfer12
1464,University of Central Florida,https://ror.org/036nfer12
1465,University of Central Florida,https://ror.org/036nfer12
1466,University of Central Oklahoma,https://ror.org/02n455404
1467,University of Chicago,https://ror.org/024mw5h28
1468,University of Chicago,https://ror.org/024mw5h28
1469,University of Chicago,https://ror.org/024mw5h28
1470,University of Chicago,https://ror.org/024mw5h28
1471,University of Chicago,https://ror.org/024mw5h28
1472,University of Chicago,https://ror.org/024mw5h28
1473,University of Chicago,https://ror.org/024mw5h28
1474,University of Chicago,https://ror.org/024mw5h28
1475,University of Chicago,https://ror.org/024mw5h28
1476,University of Chicago,https://ror.org/024mw5h28
1477,University of Chicago,https://ror.org/024mw5h28
1478,University of Chicago,https://ror.org/024mw5h28
1479,University of Chicago,https://ror.org/024mw5h28
1480,University of Chicago,https://ror.org/024mw5h28
1481,University of Chicago,https://ror.org/024mw5h28
1482,University of Chicago,https://ror.org/024mw5h28
1483,University of Chicago,https://ror.org/024mw5h28
1484,University of Chicago,https://ror.org/024mw5h28
1485,University of Chicago,https://ror.org/024mw5h28
1486,University of Chicago,https://ror.org/024mw5h28
1487,University of Chicago,https://ror.org/024mw5h28
1488,University of Chicago,https://ror.org/024mw5h28
1489,University of Chicago,https://ror.org/024mw5h28
1490,University of Chicago,https://ror.org/024mw5h28
1491,University of Cincinnati,https://ror.org/01e3m7079
1492,University of Cincinnati,https://ror.org/01e3m7079
1493,University of Cologne,https://ror.org/00rcxh774
1494,University of Colorado System,https://ror.org/00jc20583
1495,University of Colorado System,https://ror.org/00jc20583
1496,University of Colorado System,https://ror.org/00jc20583
1497,University of Colorado System,https://ror.org/00jc20583
1498,University of Colorado Anschutz Medical Campus,https://ror.org/03wmf1y16
1499,University of Colorado Boulder,https://ror.org/02ttsq026
1500,University of Colorado Boulder,https://ror.org/02ttsq026
1501,University of Colorado Boulder,https://ror.org/02ttsq026
1502,University of Colorado Boulder,https://ror.org/02ttsq026
1503,University of Colorado Boulder,https://ror.org/02ttsq026
1504,University of Colorado Boulder,https://ror.org/02ttsq026
1505,University of Colorado Boulder,https://ror.org/02ttsq026
1506,University of Colorado Boulder,https://ror.org/02ttsq026
1507,University of Colorado Boulder,https://ror.org/02ttsq026
1508,University of Colorado Boulder,https://ror.org/02ttsq026
1509,University of Colorado Boulder,https://ror.org/02ttsq026
1510,University of Colorado Boulder,https://ror.org/02ttsq026
1511,University of Colorado Boulder,https://ror.org/02ttsq026
1512,University of Colorado Denver,https://ror.org/02hh7en24
1513,University of Colorado Denver,https://ror.org/02hh7en24
1514,University of Colorado Anschutz Medical Campus,https://ror.org/03wmf1y16
1515,University of Colorado Boulder,https://ror.org/02ttsq026
1516,University of Connecticut,https://ror.org/021nv2831
1517,University of Delaware,https://ror.org/01sbq1a82
1518,University of Delaware,https://ror.org/01sbq1a82
1519,University of Delaware,https://ror.org/01sbq1a82
1520,University of Delaware,https://ror.org/01sbq1a82
1521,University of Delaware,https://ror.org/01sbq1a82
1522,University of Delaware,https://ror.org/01sbq1a82
1523,University of Delaware,https://ror.org/01sbq1a82
1524,University of Delaware,https://ror.org/01sbq1a82
1525,University of Delhi,https://ror.org/04gzb2213
1526,University of Denver,https://ror.org/04w7skc03
1527,University of Dundee,https://ror.org/03h2bxq36
1528,University of East Anglia,https://ror.org/026k5mg93
1529,University of Edinburgh,https://ror.org/01nrxwf90
1530,University of Edinburgh,https://ror.org/01nrxwf90
1531,University of Edinburgh,https://ror.org/01nrxwf90
1532,University of Edinburgh,https://ror.org/01nrxwf90
1533,University of Edinburgh,https://ror.org/01nrxwf90
1534,University of Edinburgh,https://ror.org/01nrxwf90
1535,University of Exeter,https://ror.org/03yghzc09
1536,University of Exeter,https://ror.org/03yghzc09
1537,University of Florida,https://ror.org/02y3ad647
1538,University of Florida,https://ror.org/02y3ad647
1539,University of Florida,https://ror.org/02y3ad647
1540,University of Florida,https://ror.org/02y3ad647
1541,University of Florida,https://ror.org/02y3ad647
1542,University of Florida,https://ror.org/02y3ad647
1543,University of Georgia,https://ror.org/00te3t702
1544,University of Georgia,https://ror.org/00te3t702
1545,University of Georgia,https://ror.org/00te3t702
1546,University of Georgia,https://ror.org/00te3t702
1547,University of Georgia,https://ror.org/00te3t702
1548,University of Georgia,https://ror.org/00te3t702
1549,University of Glasgow,https://ror.org/00vtgdb53
1550,University of Hawaii System,https://ror.org/03tzaeb71
1551,University of Hawaii System,https://ror.org/03tzaeb71
1552,University of Hawaii System,https://ror.org/03tzaeb71
1553,University of Hawaii System,https://ror.org/03tzaeb71
1554,University of Hawaiʻi at Mānoa,https://ror.org/01wspgy28
1555,University of Houston,https://ror.org/048sx0r50
1556,University of Huddersfield,https://ror.org/05t1h8f27
1557,University of Iceland,https://ror.org/01db6h964
1558,University of Illinois System,https://ror.org/05e94g991
1559,University of Illinois System,https://ror.org/05e94g991
1560,University of Illinois System,https://ror.org/05e94g991
1561,University of Illinois System,https://ror.org/05e94g991
1562,University of Illinois System,https://ror.org/05e94g991
1563,University of Illinois System,https://ror.org/05e94g991
1564,University of Illinois System,https://ror.org/05e94g991
1565,University of Illinois System,https://ror.org/05e94g991
1566,University of Illinois System,https://ror.org/05e94g991
1567,University of Illinois System,https://ror.org/05e94g991
1568,University of Illinois System,https://ror.org/05e94g991
1569,University of Illinois System,https://ror.org/05e94g991
1570,University of Illinois System,https://ror.org/05e94g991
1571,University of Illinois System,https://ror.org/05e94g991
1572,University of Illinois System,https://ror.org/05e94g991
1573,University of Illinois System,https://ror.org/05e94g991
1574,University of Illinois System,https://ror.org/05e94g991
1575,University of Illinois System,https://ror.org/05e94g991
1576,University of Illinois at Chicago,https://ror.org/02mpq6x41
1577,University of Illinois at Chicago,https://ror.org/02mpq6x41
1578,University of Illinois at Chicago,https://ror.org/02mpq6x41
1579,University of Illinois at Chicago,https://ror.org/02mpq6x41
1580,University of Illinois Urbana-Champaign,https://ror.org/047426m28
1581,University of Illinois Urbana-Champaign,https://ror.org/047426m28
1582,University of Illinois Urbana-Champaign,https://ror.org/047426m28
1583,University of Illinois Urbana-Champaign,https://ror.org/047426m28
1584,University of Illinois Urbana-Champaign,https://ror.org/047426m28
1585,University of Illinois Urbana-Champaign,https://ror.org/047426m28
1586,University of Illinois Urbana-Champaign,https://ror.org/047426m28
1587,University of Illinois Urbana-Champaign,https://ror.org/047426m28
1588,University of Illinois Urbana-Champaign,https://ror.org/047426m28
1589,University of Illinois Urbana-Champaign,https://ror.org/047426m28
1590,University of Illinois Urbana-Champaign,https://ror.org/047426m28
1591,University of Illinois Urbana-Champaign,https://ror.org/047426m28
1592,University of Illinois Urbana-Champaign,https://ror.org/047426m28
1593,University of Illinois Urbana-Champaign,https://ror.org/047426m28
1594,University of Illinois Urbana-Champaign,https://ror.org/047426m28
1595,University of Illinois Urbana-Champaign,https://ror.org/047426m28
1596,University of Illinois Urbana-Champaign,https://ror.org/047426m28
1597,University of Illinois at Chicago,https://ror.org/02mpq6x41
1598,University of Illinois at Chicago,https://ror.org/02mpq6x41
1599,University of Illinois at Chicago,https://ror.org/02mpq6x41
1600,University of Illinois at Chicago,https://ror.org/02mpq6x41
1601,University of Illinois at Chicago,https://ror.org/02mpq6x41
1602,University of Illinois Urbana-Champaign,https://ror.org/047426m28
1603,University of Illinois Urbana-Champaign,https://ror.org/047426m28
1604,University of Illinois Urbana-Champaign,https://ror.org/047426m28
1605,University of Illinois Urbana-Champaign,https://ror.org/047426m28
1606,University of Illinois Urbana-Champaign,https://ror.org/047426m28
1607,University of Illinois Urbana-Champaign,https://ror.org/047426m28
1608,University of Illinois at Chicago,https://ror.org/02mpq6x41
1609,University of Illinois System,https://ror.org/05e94g991
1610,University of Iowa,https://ror.org/036jqmy94
1611,University of Iowa,https://ror.org/036jqmy94
1612,University of Iowa,https://ror.org/036jqmy94
1613,University of Iowa,https://ror.org/036jqmy94
1614,University of Iowa,https://ror.org/036jqmy94
1615,University of Iowa,https://ror.org/036jqmy94
1616,University of Iowa,https://ror.org/036jqmy94
1617,University of Iowa,https://ror.org/036jqmy94
1618,University of Kansas,https://ror.org/001tmjg57
1619,University of Kansas,https://ror.org/001tmjg57
1620,University of Kentucky,https://ror.org/02k3smh20
1621,University of Kentucky,https://ror.org/02k3smh20
1622,University of Kentucky,https://ror.org/02k3smh20
1623,University of Kentucky,https://ror.org/02k3smh20
1624,University of Kentucky,https://ror.org/02k3smh20
1625,University of Louisville,https://ror.org/01ckdn478
1626,University of Lucknow,https://ror.org/03bdeag60
1627,University of Luxembourg,https://ror.org/036x5ad56
1628,"University of Maryland, College Park",https://ror.org/047s2c258
1629,"University of Maryland, College Park",https://ror.org/047s2c258
1630,"University of Maryland, College Park",https://ror.org/047s2c258
1631,"University of Maryland, College Park",https://ror.org/047s2c258
1632,"University of Maryland, College Park",https://ror.org/047s2c258
1633,"University of Maryland, College Park",https://ror.org/047s2c258
1634,"University of Maryland, Baltimore County",https://ror.org/02qskvh78
1635,"University of Maryland, College Park",https://ror.org/047s2c258
1636,"University of Maryland, College Park",https://ror.org/047s2c258
1637,University of Massachusetts System,https://ror.org/0260j1g46
1638,University of Massachusetts System,https://ror.org/0260j1g46
1639,University of Memphis,https://ror.org/01cq23130
1640,University of Memphis,https://ror.org/01cq23130
1641,University of Michigan–Ann Arbor,https://ror.org/00jmfr291
1642,University of Michigan–Ann Arbor,https://ror.org/00jmfr291
1643,University of Michigan–Ann Arbor,https://ror.org/00jmfr291
1644,University of Michigan–Ann Arbor,https://ror.org/00jmfr291
1645,University of Michigan–Ann Arbor,https://ror.org/00jmfr291
1646,University of Michigan–Ann Arbor,https://ror.org/00jmfr291
1647,University of Michigan–Ann Arbor,https://ror.org/00jmfr291
1648,University of Michigan–Ann Arbor,https://ror.org/00jmfr291
1649,University of Michigan–Ann Arbor,https://ror.org/00jmfr291
1650,University of Michigan–Ann Arbor,https://ror.org/00jmfr291
1651,University of Michigan–Ann Arbor,https://ror.org/00jmfr291
1652,University of Michigan–Ann Arbor,https://ror.org/00jmfr291
1653,University of Michigan–Ann Arbor,https://ror.org/00jmfr291
1654,University of Michigan–Ann Arbor,https://ror.org/00jmfr291
1655,University of Michigan–Ann Arbor,https://ror.org/00jmfr291
1656,University of Michigan–Ann Arbor,https://ror.org/00jmfr291
1657,University of Michigan–Ann Arbor,https://ror.org/00jmfr291
1658,University of Michigan–Ann Arbor,https://ror.org/00jmfr291
1659,University of Michigan–Ann Arbor,https://ror.org/00jmfr291
1660,University of Michigan–Ann Arbor,https://ror.org/00jmfr291
1661,University of Michigan–Ann Arbor,https://ror.org/00jmfr291
1662,University of Michigan–Ann Arbor,https://ror.org/00jmfr291
1663,University of Minnesota,https://ror.org/017zqws13
1664,University of Minnesota,https://ror.org/017zqws13
1665,University of Minnesota,https://ror.org/017zqws13
1666,University of Minnesota,https://ror.org/017zqws13
1667,University of Minnesota,https://ror.org/017zqws13
1668,University of Minnesota,https://ror.org/017zqws13
1669,University of Minnesota,https://ror.org/017zqws13
1670,University of Missouri,https://ror.org/02ymw8z06
1671,University of Missouri,https://ror.org/02ymw8z06
1672,University of Missouri,https://ror.org/02ymw8z06
1673,University of Missouri,https://ror.org/02ymw8z06
1674,University of Mons,https://ror.org/02qnnz951
1675,University of Nebraska at Omaha,https://ror.org/04yrkc140
1676,"University of Nevada, Las Vegas",https://ror.org/0406gha72
1677,University of Nevada Reno,https://ror.org/01keh0577
1678,University of Nevada Reno,https://ror.org/01keh0577
1679,University of New Hampshire,https://ror.org/01rmh9n78
1680,University of New Hampshire,https://ror.org/01rmh9n78
1681,University of New Hampshire,https://ror.org/01rmh9n78
1682,University of New Mexico,https://ror.org/05fs6jp91
1683,University of New Mexico,https://ror.org/05fs6jp91
1684,University of New Mexico,https://ror.org/05fs6jp91
1685,University of North Carolina System,https://ror.org/0566a8c54
1686,University of North Carolina at Chapel Hill,https://ror.org/0130frc33
1687,University of North Carolina at Charlotte,https://ror.org/04dawnj30
1688,University of North Carolina Wilmington,https://ror.org/02t0qr014
1689,University of North Carolina at Chapel Hill,https://ror.org/0130frc33
1690,University of North Florida,https://ror.org/01j903a45
1691,University of North Florida,https://ror.org/01j903a45
1692,University of North Texas,https://ror.org/00v97ad02
1693,University of Notre Dame,https://ror.org/00mkhxb43
1694,University of Notre Dame,https://ror.org/00mkhxb43
1695,University of Notre Dame,https://ror.org/00mkhxb43
1696,University of Notre Dame,https://ror.org/00mkhxb43
1697,University of Notre Dame,https://ror.org/00mkhxb43
1698,University of Notre Dame,https://ror.org/00mkhxb43
1699,University of Notre Dame,https://ror.org/00mkhxb43
1700,University of Notre Dame,https://ror.org/00mkhxb43
1701,University of Notre Dame,https://ror.org/00mkhxb43
1702,University of Notre Dame,https://ror.org/00mkhxb43
1703,University of Notre Dame,https://ror.org/00mkhxb43
1704,University of Notre Dame,https://ror.org/00mkhxb43
1705,University of Oklahoma,https://ror.org/02aqsxs83
1706,University of Oklahoma,https://ror.org/02aqsxs83
1707,University of Oklahoma,https://ror.org/02aqsxs83
1708,University of Oregon,https://ror.org/02spzyy34
1709,University of Oregon,https://ror.org/02spzyy34
1710,University of Oxford,https://ror.org/052gg0110
1711,University of Oxford,https://ror.org/052gg0110
1712,University of Pennsylvania,https://ror.org/00b30xv10
1713,University of Pennsylvania,https://ror.org/00b30xv10
1714,University of Pennsylvania,https://ror.org/00b30xv10
1715,University of Pennsylvania,https://ror.org/00b30xv10
1716,University of Pennsylvania,https://ror.org/00b30xv10
1717,University of Pennsylvania,https://ror.org/00b30xv10
1718,University of Pennsylvania,https://ror.org/00b30xv10
1719,University of Pennsylvania,https://ror.org/00b30xv10
1720,University of Pennsylvania,https://ror.org/00b30xv10
1721,University of Pennsylvania,https://ror.org/00b30xv10
1722,University of Pittsburgh,https://ror.org/01an3r305
1723,University of Pittsburgh,https://ror.org/01an3r305
1724,University of Pittsburgh,https://ror.org/01an3r305
1725,University of Pittsburgh,https://ror.org/01an3r305
1726,University of Pittsburgh,https://ror.org/01an3r305
1727,University of Pittsburgh,https://ror.org/01an3r305
1728,University of Pittsburgh,https://ror.org/01an3r305
1729,University of Pittsburgh,https://ror.org/01an3r305
1730,University of Pittsburgh,https://ror.org/01an3r305
1731,University of Pittsburgh,https://ror.org/01an3r305
1732,University of Pittsburgh,https://ror.org/01an3r305
1733,University of Pittsburgh,https://ror.org/01an3r305
1734,University of Port Harcourt,https://ror.org/005bw2d06
1735,University of Reading,https://ror.org/05v62cm79
1736,University of Rhode Island,https://ror.org/013ckk937
1737,University of Rostock,https://ror.org/03zdwsf69
1738,University of South Africa,https://ror.org/048cwvf49
1739,University of South Alabama,https://ror.org/01s7b5y08
1740,University of South Florida,https://ror.org/032db5x82
1741,University of Southampton,https://ror.org/01ryk1543
1742,University of Southampton,https://ror.org/01ryk1543
1743,University of Southern California,https://ror.org/03taz7m60
1744,University of Southern California,https://ror.org/03taz7m60
1745,University of Southern California,https://ror.org/03taz7m60
1746,University of Tennessee System,https://ror.org/00xzqjh13
1747,University of Tennessee at Knoxville,https://ror.org/020f3ap87
1748,University of Tennessee at Knoxville,https://ror.org/020f3ap87
1749,The University of Texas at Austin,https://ror.org/00hj54h04
1750,The University of Texas at Austin,https://ror.org/00hj54h04
1751,The University of Texas at Austin,https://ror.org/00hj54h04
1752,The University of Texas at Austin,https://ror.org/00hj54h04
1753,The University of Texas at Austin,https://ror.org/00hj54h04
1754,The University of Texas at Austin,https://ror.org/00hj54h04
1755,The University of Texas at Austin,https://ror.org/00hj54h04
1756,The University of Texas at Dallas,https://ror.org/049emcs32
1757,The University of Texas at El Paso,https://ror.org/04d5vba33
1758,The University of Texas at San Antonio,https://ror.org/01kd65564
1759,The University of Texas at San Antonio,https://ror.org/01kd65564
1760,The University of Texas at Austin,https://ror.org/00hj54h04
1761,The University of Texas Rio Grande Valley,https://ror.org/02p5xjf12
1762,University of the People,
1763,University of Toronto,https://ror.org/03dbr7087
1764,University of Toronto,https://ror.org/03dbr7087
1765,University of Toronto,https://ror.org/03dbr7087
1766,University of Toronto,https://ror.org/03dbr7087
1767,University of Toronto,https://ror.org/03dbr7087
1768,The University of Tulsa,
1769,University of Utah,https://ror.org/03r0ha626
1770,University of Utah,https://ror.org/03r0ha626
1771,University of Utah,https://ror.org/03r0ha626
1772,University of Utah,https://ror.org/03r0ha626
1773,University of Utah,https://ror.org/03r0ha626
1774,University of Utah,https://ror.org/03r0ha626
1775,University of Utah,https://ror.org/03r0ha626
1776,University of Utah,https://ror.org/03r0ha626
1777,University of Utah,https://ror.org/03r0ha626
1778,University of Utah,https://ror.org/03r0ha626
1779,University of Vermont,https://ror.org/0155zta11
1780,University of Victoria,https://ror.org/04s5mat29
1781,University of Virginia,https://ror.org/0153tk833
1782,University of Virginia,https://ror.org/0153tk833
1783,University of Virginia,https://ror.org/0153tk833
1784,University of Washington,https://ror.org/00cvxb145
1785,University of Washington,https://ror.org/00cvxb145
1786,University of Washington,https://ror.org/00cvxb145
1787,University of Washington,https://ror.org/00cvxb145
1788,University of Washington,https://ror.org/00cvxb145
1789,University of Washington,https://ror.org/00cvxb145
1790,University of Washington,https://ror.org/00cvxb145
1791,University of Washington,https://ror.org/00cvxb145
1792,University of Washington,https://ror.org/00cvxb145
1793,University of Washington,https://ror.org/00cvxb145
1794,University of Washington,https://ror.org/00cvxb145
1795,University of Washington,https://ror.org/00cvxb145
1796,University of Washington,https://ror.org/00cvxb145
1797,University of Washington,https://ror.org/00cvxb145
1798,University of Washington,https://ror.org/00cvxb145
1799,University of Washington,https://ror.org/00cvxb145
1800,University of Washington,https://ror.org/00cvxb145
1801,University of Washington,https://ror.org/00cvxb145
1802,University of Washington,https://ror.org/00cvxb145
1803,University of Washington,https://ror.org/00cvxb145
1804,University of Washington,https://ror.org/00cvxb145
1805,University of Washington,https://ror.org/00cvxb145
1806,University of Washington,https://ror.org/00cvxb145
1807,University of Washington,https://ror.org/00cvxb145
1808,University of Washington,https://ror.org/00cvxb145
1809,University of Washington,https://ror.org/00cvxb145
1810,University of Washington,https://ror.org/00cvxb145
1811,University of Washington,https://ror.org/00cvxb145
1812,University of Waterloo,https://ror.org/01aff2v68
1813,University of Wisconsin–Madison,https://ror.org/01y2jtd41
1814,University of Wisconsin–Madison,https://ror.org/01y2jtd41
1815,University of Wisconsin–Madison,https://ror.org/01y2jtd41
1816,University of Wisconsin–Madison,https://ror.org/01y2jtd41
1817,University of Wisconsin–Madison,https://ror.org/01y2jtd41
1818,University of Wisconsin–Milwaukee,https://ror.org/031q21x57
1819,University of Wisconsin–Madison,https://ror.org/01y2jtd41
1820,University of Wisconsin–Madison,https://ror.org/01y2jtd41
1821,University of Wisconsin–Madison,https://ror.org/01y2jtd41
1822,University of Wisconsin–Madison,https://ror.org/01y2jtd41
1823,University of Wisconsin–Madison,https://ror.org/01y2jtd41
1824,University of Wisconsin–Madison,https://ror.org/01y2jtd41
1825,University of Wisconsin–Madison,https://ror.org/01y2jtd41
1826,University of Wisconsin–Madison,https://ror.org/01y2jtd41
1827,University of Wisconsin–Madison,https://ror.org/01y2jtd41
1828,University of Wisconsin–Madison,https://ror.org/01y2jtd41
1829,University of Wisconsin–Madison,https://ror.org/01y2jtd41
1830,University of Wisconsin–Madison,https://ror.org/01y2jtd41
1831,University of Wyoming,https://ror.org/01485tq96
1832,University of Wyoming,https://ror.org/01485tq96
1833,University of Wyoming,https://ror.org/01485tq96
1834,University of Wyoming,https://ror.org/01485tq96
1835,University of Wyoming,https://ror.org/01485tq96
1836,University of Wyoming,https://ror.org/01485tq96
1837,University of Wyoming,https://ror.org/01485tq96
1838,University of Wyoming,https://ror.org/01485tq96
1839,US Air Force,
1840,US Naval Research Laboratory,
1841,US Naval Research Laboratory,
1842,USC,
1843,USC,
1844,USDA-Forest Products Laboratory ,
1845,USGS,
1846,USGS,
1847,USRA,
1848,USUHS,
1849,UT Austin,
1850,UT Austin,
1851,UT Southwestern Medical Center,
1852,UT-Battelle,https://ror.org/04nza6677
1853,UTAS-Sur,
1854,UTSW,
1855,UW Madison,
1856,VA,
1857,Vanderbilt University,https://ror.org/02vm5rt34
1858,Vanderbilt University,https://ror.org/02vm5rt34
1859,Vanderbilt University,https://ror.org/02vm5rt34
1860,Vanderbilt University,https://ror.org/02vm5rt34
1861,Vanderbilt University,https://ror.org/02vm5rt34
1862,Vanderbilt University,https://ror.org/02vm5rt34
1863,Vanderbilt University,https://ror.org/02vm5rt34
1864,Vanderbilt University,https://ror.org/02vm5rt34
1865,Vanderbilt University,https://ror.org/02vm5rt34
1866,Vanderbilt University,https://ror.org/02vm5rt34
1867,Versiti Blood Research Institute,
1868,Victor Chang Cardiac Research Institute,https://ror.org/03trvqr13
1869,Virginia Polytechnic Institute and State University,
1870,Virginia Polytechnic Institute and State University,
1871,Virginia Polytechnic Institute and State University,
1872,Virginia Polytechnic Institute and State University,
1873,Virginia Polytechnic Institute and State University,
1874,Virginia Polytechnic Institute and State University,
1875,Virginia Polytechnic Institute and State University,
1876,Virginia Polytechnic Institute and State University,
1877,Virginia Polytechnic Institute and State University,
1878,Virginia Polytechnic Institute and State University,
1879,Virginia Polytechnic Institute and State University,
1880,VMware,
1881,VS Niketan College,
1882,"VTS-Group, LLC",
1883,Walton Institute,
1884,Washington State University,https://ror.org/05dk0ce17
1885,Washington State University,https://ror.org/05dk0ce17
1886,Washington University in St. Louis,https://ror.org/01yc7t268
1887,Washington University in St. Louis,https://ror.org/01yc7t268
1888,Washington University in St. Louis,https://ror.org/01yc7t268
1889,Washington University in St. Louis,https://ror.org/01yc7t268
1890,WaveAccess,
1891,WEHI,
1892,Wellesley College,https://ror.org/01srpnj69
1893,West Virginia University Institute of Technology,https://ror.org/028ebfc83
1894,Western Colorado University,
1895,Western University,https://ror.org/02agqkc58
1896,University of Pennsylvania,https://ror.org/00b30xv10
1897,Wichita State University / Textron Aviation,
1898,Yale University,https://ror.org/03v76x132
1899,Yale University,https://ror.org/03v76x132
1900,Yale University,https://ror.org/03v76x132
1901,Yale University,https://ror.org/03v76x132
1902,Yale University,https://ror.org/03v76x132
1903,Yale University,https://ror.org/03v76x132
1904,Yale University,https://ror.org/03v76x132
1905,Yale University,https://ror.org/03v76x132
1906,Yikes LLC,
1907,Yonsei University College of Medicine,
1908,Zhongke Inno (Beijing) Medical Research Institute,
